id_feu,unidad_regional,siniestro_fecha,siniestro_hora,provincia,id_provincia,departamento,id_departamento,localidad,zona_ocurrencia,via_publica,nombre_via,altura_km,entre_calle_1,entre_calle_2,latitud,longitud,ilesos,heridos,fallecidos,vehiculos,peatones,tipo_siniestro_multiple,tipo_siniestro_unico,despiste_previo,tipo_siniestro_otro,tipo_colision,cantidad_de_involucrados,trazado_via,configuracion_de_la_via,configuracion_de_la_via_otro_tipo,pendiente_declive,cono_de_vision,material_de_la_calzada,material_de_la_calzada_otro,estado_de_la_calzada,estado_fisico_ambiental,estado_de_conservacion_otro,division_fisica_de_la_via,division_fisica_de_la_via_otro,barreras_de_seguridad,banquinas,senalizacion_carteleria,senalizacion_horizontal,senalizacion_transitoria,luminosidad,luz_artificial,transito_restringido,estado_ambiental,visibilidad,visibilidad_otro,semaforo
139999,OBSERVATORIO VIAL,2022-10-23,14:42:00,CORRIENTES,18,CAPITAL,21,CORRIENTES,Urbana,Avenida,AV JUAN DE VERA,1600,SANTA FE,,,,1,1,0,1,1,Atropello a peatón/es,Atropello a peatón/es,S/D,,,2,Recta,Intersección / cruce,,NO,,Asfalto,,Apto,Seca,,Cordón Divisorio,,,,Si,Si,No,Día,NO,Sin Restricción,Despejado,Buena,,Sin Semáforo
140915,OBSERVATORIO VIAL,2022-10-23,5:30:00,CORRIENTES,18,CAPITAL,21,CORRIENTES,Urbana,Ruta Provincial,5,"2,5",,,,,0,2,0,2,0,Colisión entre vehículos,Colisión entre vehículos,S/D,,Alcance,2,Recta,Intersección / cruce,,NO,,Asfalto,,Apto,Seca,,Ninguna,,,,No,No,No,Día,SI,Sin Restricción,Despejado,Buena,,Sin Semáforo
146726,OBSERVATORIO VIAL,2022-10-22,9:15:00,CORRIENTES,18,CAPITAL,21,,,,AV. ARMENIA,,DEPARTAMENTO MERCEDES,,,,1,1,0,2,0,Colisión entre vehículos,Colisión entre vehículos,S/D,,Angulo,2,Recta,Intersección / cruce,,NO,,,,Apto,Seca,,Ninguna,,,,S/D,S/D,,Día,NO,Sin Restricción,,Buena,,Sin Semáforo
163544,OBSERVATORIO VIAL,2022-10-22,23:20:00,CORRIENTES,18,CAPITAL,21,CORRIENTES,Urbana,Avenida,AV 3 DE ABRIL,1630,AV MAIPU,,-2.747.658,-5.883.090,2,0,0,2,0,"Caída desde vehículo, Colisión entre vehículos",Colisión entre vehículos,S/D,,,2,Recta,Intersección / cruce,,NO,,Hormigón,,Apto,Seca,,Ninguna,,,,Si,No,No,Noche,SI,Sin Restricción,Despejado,Buena,,Sin Semáforo
158366,MUNICIPALIDAD DE CORRIENTES,2022-10-22,10:31:00,CORRIENTES,18,CAPITAL,21,CORRIENTES,Urbana,Avenida,AVDA. JUAN DE GAARAY,864,,,-2.749.303,-5.884.311,1,1,0,1,1,Atropello a peatón/es,Atropello a peatón/es,S/D,,,2,Recta,,,NO,,Asfalto,,Apto,Seca,,,,,,,,,Día,NO,Sin Restricción,Despejado,,,
162789,MUNICIPALIDAD DE CORRIENTES,2022-10-22,11:00:00,CORRIENTES,18,CAPITAL,21,CORRIENTES,Urbana,Calle,GOBERNADOR RUÍZ,2200,,,,,0,1,0,1,0,Caída desde vehículo,Caída desde vehículo,S/D,,,1,Recta,,,NO,,Asfalto,,Apto,Seca,,,,,,,,,Día,NO,Sin Restricción,Despejado,Buena,,
169147,MUNICIPALIDAD DE CORRIENTES,2022-10-21,8:48:00,CORRIENTES,18,CAPITAL,21,CORRIENTES,Urbana,Avenida,LAPRIDA,5000,GABRIELA MISTRAL,,-2.746.995,-5.878.758,1,1,0,2,0,Colisión entre vehículos,Colisión entre vehículos,S/D,,,2,Recta,Intersección / cruce,,NO,,Asfalto,,Apto,Seca,,,,,,Si,Si,No,Día,NO,Sin Restricción,Despejado,Buena,,Sin Semáforo
139213,OBSERVATORIO VIAL,2022-10-21,15:50:00,CORRIENTES,18,CAPITAL,21,CORRIENTES,Urbana,Avenida,AV 3 DE ABRIL,1900,PARAGUAY,,-2.747.674,-5.882.745,2,0,0,2,0,Colisión entre vehículos,Colisión entre vehículos,S/D,,,2,Recta,Intersección / cruce,,NO,,Asfalto,,Apto,Seca,,Ninguna,,,,Si,Si,Si,Día,NO,Sin Restricción,Despejado,Buena,,Funciona
166847,MUNICIPALIDAD DE CORRIENTES,2022-10-21,8:13:00,CORRIENTES,18,CAPITAL,21,CORRIENTES,Urbana,Calle,HUNGRÍA,3400,NIÑO JESÚS,,-2.747.153,-5.880.051,1,1,0,2,0,Colisión entre vehículos,Colisión entre vehículos,S/D,,,2,Recta,,,NO,,Asfalto,,Apto,,,,,,,No,No,No,,NO,Sin Restricción,Despejado,Buena,,Sin Semáforo
175474,OBSERVATORIO VIAL,2022-10-20,10:59:00,CORRIENTES,18,CAPITAL,21,CORRIENTES,Urbana,Avenida,AVENIDA COSTANERA,1,AVENIDA 3 DE ABRIL,,-2.747.332,-5.885.552,2,0,0,2,0,Colisión entre vehículos,Colisión entre vehículos,,,,2,,Intersección / cruce,,,No obstruido,Asfalto,,Apto,Seca,,Otro,PARTERRE,Ninguna,,Si,Si,No,,,,Despejado,,,Funciona
134856,OBSERVATORIO VIAL,2022-10-19,13:30:00,CORRIENTES,18,CAPITAL,21,CORRIENTES,Urbana,Avenida,AV FERRE,1600,GDOR. MARTIN GOITIA,,,,1,1,0,2,0,Colisión entre vehículos,Colisión entre vehículos,S/D,,Lateral,2,Recta,Intersección / cruce,,NO,,Asfalto,,Apto,Seca,,Cordón Divisorio,,,,Si,Si,No,Día,NO,Sin Restricción,Despejado,Buena,,Sin Semáforo
134819,MUNICIPALIDAD DE CORRIENTES,2022-10-19,11:30:00,CORRIENTES,18,CAPITAL,21,CORRIENTES,Urbana,Calle,BRASIL,,SAN MARTIN,,,,2,0,0,2,0,Colisión entre vehículos,Colisión entre vehículos,S/D,,,2,Recta,Intersección / cruce,,NO,,Asfalto,,Apto,Seca,,,,,,,,,Día,NO,Sin Restricción,Despejado,Buena,,
140938,OBSERVATORIO VIAL31,2022-10-18,2:30:00,CORRIENTES,18,CAPITAL,21,CORRIENTES,Urbana,Calle,MENDOZA,1600,LAVALLE,,,,1,1,0,2,0,Colisión entre vehículos,Colisión entre vehículos,S/D,,Angulo,2,Recta,Intersección / cruce,,NO,,Asfalto,,Apto,Seca,,Ninguna,,,,Si,No,No,Noche,SI,Sin Restricción,Despejado,Buena,,Sin Semáforo
143759,OBSERVATORIO VIAL,2022-10-17,17:49:00,CORRIENTES,18,CAPITAL,21,CORRIENTES,Urbana,Calle,SAN MARTIN,1300,CORDOBA,,,,1,1,0,2,0,Colisión entre vehículos,Colisión entre vehículos,S/D,,,2,Recta,Intersección / cruce,,NO,,Asfalto,EN CALZADA,Apto,Seca,,Ninguna,,,,S/D,S/D,S/D,Día,NO,Sin Restricción,Despejado,Buena,,Sin Semáforo
169161,MUNICIPALIDAD DE CORRIENTES,2022-10-17,12:30:00,CORRIENTES,18,CAPITAL,21,CORRIENTES,Urbana,Avenida,AVENIDA COSTANERA JUAN PABLO II,1800,GENERAL PAZ,,-2.747.584,-5.885.555,0,2,0,2,0,Colisión entre vehículos,Colisión entre vehículos,S/D,,,2,Curva,Intersección / cruce,,NO,,Asfalto,,Apto,Seca,,,,,,Si,Si,No,Día,NO,Sin Restricción,Despejado,Buena,,Sin Semáforo
175463,OBSERVATORIO VIAL,2022-10-17,7:15:00,CORRIENTES,18,CAPITAL,21,CORRIENTES,Urbana,Avenida,AV FERRE,2000,AV ARTIGAS,,,,1,0,0,2,0,Colisión entre vehículos,Colisión entre vehículos,,,,2,,Intersección / cruce,,,S/D,Asfalto,,Apto,Seca,,S/D,,Asfalto,,S/D,S/D,S/D,Día,,,Despejado,,,Funciona
167752,MUNICIPALIDAD DE CORRIENTES,2022-10-17,15:20:00,CORRIENTES,18,CAPITAL,21,CORRIENTES,Urbana,Calle,PERÚ,1200,SIMÓN BOLÍVAR,MANUEL BELGRANO,,,2,0,0,2,0,Colisión entre vehículos,Colisión entre vehículos,S/D,,Alcance,2,Recta,Intersección / cruce,,NO,,Asfalto,,Apto,"Despejada, Seca",,Ninguna,,,,Si,Si,No,Día,NO,Sin Restricción,Despejado,Buena,,Sin Semáforo
143764,OBSERVATORIO VIAL,2022-10-16,12:15:00,CORRIENTES,18,CAPITAL,21,CORRIENTES,Urbana,Calle,QUINQUELA MARTIN,900,LAFERRERE,,,,0,2,0,1,0,"Atropello a animal/es, Colisión entre vehículos",Colisión entre vehículos,S/D,,,1,Recta,,,NO,,Asfalto,,Apto,Seca,,,,,,S/D,S/D,S/D,Día,NO,Sin Restricción,Despejado,Buena,,Sin Semáforo
174826,OBSERVATORIO VIAL,2022-10-16,13:00:00,CORRIENTES,18,CAPITAL,21,CORRIENTES,Urbana,Avenida,3 DE abril,1300,CÓRDOBA,,,,3,0,0,3,0,Colisión entre vehículos,Colisión entre vehículos,,,Alcance,3,,Mitad de la calle / avenida,,,,Asfalto,,Apto,Seca,,Ninguna,,Ninguna,,Si,Si,No,Día,,,Despejado,,,Funciona
157745,OBSERVATORIO VIAL,2022-10-16,17:28:00,CORRIENTES,18,,,,Urbana,,GOBERNADOR RUIZ,2200,,,,,0,2,0,1,0,"Caída desde vehículo, Colisión entre vehículos",Colisión entre vehículos,S/D,,,1,Recta,Intersección / cruce,,NO,,Asfalto,,Apto,Seca,,Ninguna,,,,S/D,S/D,S/D,,NO,Sin Restricción,Nublado,Buena,,Sin Semáforo
169850,MUNICIPALIDAD DE CORRIENTES,2022-10-16,11:50:00,CORRIENTES,18,CAPITAL,21,CORRIENTES,Urbana,Calle,SAN LORENZO,1100,,,-2.747.024,-5.883.208,3,0,0,3,0,Colisión entre vehículos,Colisión entre vehículos,S/D,,Multiple,3,Recta,Intersección / cruce,,NO,,Asfalto,,Apto,"Despejada, Seca",,Ninguna,,,,Si,Si,No,Día,NO,Sin Restricción,Despejado,Buena,,Funciona
171746,OBSERVATORIO VIAL,2022-10-15,15:35:00,CORRIENTES,18,CAPITAL,21,CORRIENTES,Urbana,Calle,SAN MARTÍN,1600,SANTA FE,,-2.747.038,-5.883.072,2,0,0,2,0,Colisión entre vehículos,Colisión entre vehículos,S/D,,Alcance,2,Recta,Intersección / cruce,,,,Asfalto,,Apto,"Despejada, Seca",,Ninguna,,,,Si,Si,No,Día,SI,Sin Restricción,Despejado,Buena,,Funciona
132621,MUNICIPALIDAD DE CORRIENTES,2022-10-15,7:27:00,CORRIENTES,18,CAPITAL,21,CORRIENTES,Urbana,Avenida,AV CAZADORES CORRENTINOS,,LAS PIEDRAS,,,,2,2,0,2,0,Colisión entre vehículos,Colisión entre vehículos,S/D,,Angulo,2,Recta,Intersección / cruce,,NO,,Hormigón,,Apto,Seca,,,,,,,,,Amanecer,NO,,Despejado,Buena,,
145180,OBSERVATORIO VIAL,2022-10-15,17:20:00,CORRIENTES,18,,,,,Ruta Provincial,RUTA 5,"1,5",,,,,2,0,0,2,0,Colisión entre vehículos,Colisión entre vehículos,S/D,,,2,Recta,Intersección / cruce,,NO,,Asfalto,,Apto,,,,,,,S/D,S/D,S/D,Día,NO,Sin Restricción,Despejado,Buena,,Intermitente
165347,MUNICIPALIDAD DE CORRIENTES,2022-10-15,20:10:00,CORRIENTES,18,CAPITAL,21,CORRIENTES,Urbana,Avenida,AVENIDA J.R. VIDAL,2200,MADARIAGA,,-2.748.511,-5.881.604,1,1,0,2,0,Colisión entre vehículos,Colisión entre vehículos,S/D,,Angulo,2,Recta,Intersección / cruce,,NO,,Hormigón,,Apto,,,Cordón Divisorio,,,,S/D,S/D,S/D,Noche,SI,Sin Restricción,Despejado,Buena,,Sin Semáforo
166845,MUNICIPALIDAD DE CORRIENTES,2022-10-14,10:20:00,CORRIENTES,18,CAPITAL,21,CORRIENTES,Urbana,Avenida,AVENIDA ARTÍGAS,1100,SIMÓN BOLÍVAR,,-2.747.269,-5.881.891,2,0,0,2,0,Colisión entre vehículos,Colisión entre vehículos,S/D,,Angulo,2,Recta,Intersección / cruce,,NO,,Asfalto,,Apto,Despejada,,Ninguna,,,,,,,Día,NO,Sin Restricción,Despejado,Buena,,Sin Semáforo
167697,MUNICIPALIDAD DE CORRIENTES,2022-10-14,9:10:00,CORRIENTES,18,CAPITAL,21,CORRIENTES,Urbana,Avenida,AVENIDA LIBERTAD,603,,,,,1,0,0,1,0,Despiste,Despiste,Si,,,1,Recta,Intersección / cruce,,NO,,Hormigón,,Apto,Seca,,Ninguna,,,,Si,Si,No,Día,NO,Sin Restricción,Despejado,Buena,,Sin Semáforo
174257,OBSERVATORIO VIAL,2022-10-14,8:40:00,CORRIENTES,18,CAPITAL,21,CORRIENTES,Urbana,Calle,ESPAÑA,1800,PUJOL,,,,1,1,0,2,0,Colisión entre vehículos,Colisión entre vehículos,,,,2,,Recta,,,,Asfalto,,Apto,Seca,,S/D,,S/D,,S/D,S/D,S/D,Día,,,Despejado,,,Sin Semáforo
176146,OBSERVATORIO VIAL,2022-10-13,10:20:00,CORRIENTES,18,CAPITAL,21,CORRIENTES,Urbana,Avenida,CHACABUCO,2800,,,,,1,1,0,2,0,Colisión entre vehículos,Colisión entre vehículos,,,Lateral,2,,Intersección / cruce,,,No obstruido,Asfalto,,Apto,Seca,,Cantero central,,Ninguna,,Si,Si,No,Día,,,Despejado,,,Sin Semáforo
176149,OBSERVATORIO VIAL,2022-10-13,16:45:00,CORRIENTES,18,CAPITAL,21,CORRIENTES,Urbana,Avenida,ARMENIA,4600,JOSE INGENIERO,,,,2,0,0,2,0,,,,,,2,,Intersección / cruce,,,No obstruido,Asfalto,,Apto,Seca,,Cantero central,,Ninguna,,Si,Si,No,Día,,,Despejado,,,Sin Semáforo
141865,OBSERVATORIO VIAL,2022-10-13,6:10:00,CORRIENTES,18,CAPITAL,21,CORRIENTES,Urbana,Calle,9 DE julio,1100,MENDOZA,,,,1,0,0,1,0,Despiste,Despiste,Si,,,1,Recta,Intersección / cruce,,NO,,Asfalto,,Apto,Seca,,Ninguna,,,,Si,Si,No,Amanecer,SI,Sin Restricción,Despejado,Buena,,Funciona
152943,OBSERVATORIO VIAL,2022-10-12,9:59:00,CORRIENTES,18,CAPITAL,21,CORRIENTES,Urbana,Avenida,AV ARMENIA,2637,,,,,2,0,0,2,0,Colisión entre vehículos,Colisión entre vehículos,S/D,,Alcance,2,Recta,Intersección / cruce,,NO,,Asfalto,,Apto,"Despejada, Seca",,Cordón Divisorio,,,,S/D,S/D,S/D,Día,NO,Sin Restricción,Nublado,Buena,,Sin Semáforo
147087,OBSERVATORIO VIAL,2022-10-12,10:10:00,CORRIENTES,18,,,,Urbana,Calle,A. CORREA FERNNDEZ,,SASRMIENTO,,,,0,1,0,1,0,Vuelco (solo 1 participante),Vuelco (solo 1 participante),S/D,,,1,Recta,Intersección / cruce,,NO,,Asfalto,,Apto,Despejada,,Ninguna,,,,S/D,S/D,S/D,Día,NO,Sin Restricción,Despejado,Buena,,Sin Semáforo
136374,DIRECCIÓN DE SEGURIDAD VIAL,2022-10-11,8:10:00,CORRIENTES,18,CAPITAL,21,CORRIENTES,Urbana,Avenida,SAN JUAN,,AV. 3 DE ABRIL,,,,0,2,0,1,1,Atropello a peatón/es,Atropello a peatón/es,S/D,,,2,Recta,Intersección / cruce,,NO,,Asfalto,,Apto,Seca,,Ninguna,,,,,,,Día,NO,Sin Restricción,Despejado,Buena,,
157822,OBSERVATORIO VIAL,2022-10-10,8:30:00,CORRIENTES,18,CAPITAL,21,CORRIENTES,Urbana,Avenida,AV PEDRO FERRE,2100,BRASIL,,-2.747.722,-5.882.507,2,1,0,2,0,Colisión entre vehículos,Colisión entre vehículos,S/D,,Lateral,2,Recta,Intersección / cruce,,NO,,Asfalto,,Apto,"Despejada, Seca",,Cordón Divisorio,,,,Si,Si,S/D,Día,NO,Sin Restricción,Despejado,Buena,,Funciona
162787,MUNICIPALIDAD DE CORRIENTES,2022-10-10,10:50:00,CORRIENTES,18,CAPITAL,21,CORRIENTES,Urbana,Avenida,AVDA. 3 DE ABRIL,1700,ESPAÑA,,-2.747.640,-5.883.016,1,1,0,1,1,Atropello a peatón/es,Atropello a peatón/es,S/D,,,2,Recta,Intersección / cruce,,NO,,Asfalto,,Apto,Despejada,,Cordón Divisorio,,,,S/D,No,S/D,Día,NO,Sin Restricción,"Despejado, Viento",Buena,,Funciona
168134,MUNICIPALIDAD DE CORRIENTES,2022-10-09,10:10:00,CORRIENTES,18,CAPITAL,21,CORRIENTES,Urbana,Calle,URUGUAY,2000,MARIANO MORENO,,-2.747.426,-5.882.601,1,1,0,2,0,Colisión entre vehículos,Colisión entre vehículos,S/D,,Angulo,2,Recta,Intersección / cruce,,NO,,Asfalto,,Apto,Despejada,,Ninguna,,,,No,Si,No,Día,NO,Sin Restricción,Despejado,Buena,,Sin Semáforo
134863,MUNICIPALIDAD DE CORRIENTES,2022-10-09,19:40:00,CORRIENTES,18,CAPITAL,21,CORRIENTES,Rural,Ruta Nacional,12,1039,,,,,2,0,0,2,0,Colisión entre vehículos,Colisión entre vehículos,S/D,,Alcance,2,Recta,,,NO,,Asfalto,,Apto,Seca,,,,,,S/D,Si,S/D,Atardecer,SI,Sin Restricción,Despejado,Buena,,Sin Semáforo
136414,OBSERVATORIO VIAL,2022-10-07,10:40:00,CORRIENTES,18,CAPITAL,21,CORRIENTES,Urbana,Avenida,AV MAIPU,1300,,,-2.748.941,-5.882.074,1,2,0,2,0,Colisión entre vehículos,Colisión entre vehículos,S/D,,,2,Recta,Intersección / cruce,,NO,,Asfalto,,Baches,Seca,,Ninguna,,,,Si,Si,No,Día,NO,Sin Restricción,Despejado,Buena,,Sin Semáforo
152960,OBSERVATORIO VIAL,2022-10-07,14:15:00,CORRIENTES,18,CAPITAL,21,CORRIENTES,Urbana,Calle,HIPOLITO YRIGOYEN,1000,LA RIOJA,,,,1,1,0,2,0,Colisión entre vehículos,Colisión entre vehículos,S/D,,Lateral,2,Recta,Intersección / cruce,,NO,,Asfalto,,Apto,"Despejada, Seca",,Ninguna,,,,Si,Si,No,Día,NO,Sin Restricción,Despejado,Buena,,Funciona
163572,OBSERVATORIO VIAL,2022-10-06,22:30:00,CORRIENTES,18,CAPITAL,21,CORRIENTES,Urbana,Avenida,AV. TENIENTE IBAÑEZ,1050,JOSE R. VIDAL,,-2.748.526,-5.883.992,2,0,0,2,0,Colisión entre vehículos,Colisión entre vehículos,S/D,,Angulo,2,Recta,Intersección / cruce,,NO,,Hormigón,,Apto,Seca,,Cordón Divisorio,,,,Si,Si,Si,Noche,SI,Sin Restricción,Despejado,Buena,,Funciona
175448,OBSERVATORIO VIAL,2022-10-06,6:10:00,CORRIENTES,18,CAPITAL,21,CORRIENTES,Urbana,Avenida,CHACABUCO,1100,SAN MARTIN,,,,1,1,0,2,0,Colisión entre vehículos,Colisión entre vehículos,,,Lateral,2,,Intersección / cruce,,,No obstruido,Asfalto,,Apto,Seca,,Barreras de seguridad,,Ninguna,Barrera de Hormigón,Si,Si,No,Día,,,Despejado,,,Sin Semáforo
168135,MUNICIPALIDAD DE CORRIENTES,2022-10-06,10:15:00,CORRIENTES,18,CAPITAL,21,CORRIENTES,Urbana,Calle,MEDRANO,3000,,,-2.749.462,-5.879.984,2,0,0,2,0,Colisión entre vehículos,Colisión entre vehículos,S/D,,Angulo,2,Recta,Intersección / cruce,,NO,,Asfalto,,Apto,Despejada,,Ninguna,,,,No,No,No,Día,NO,Sin Restricción,Despejado,Buena,,Sin Semáforo
175470,OBSERVATORIO VIAL,2022-10-05,7:35:00,CORRIENTES,18,CAPITAL,21,CORRIENTES,Urbana,Avenida,AVENIDA PAYSANDU,3500,CRUZ DEL EJE,,,,2,0,0,1,0,Otro,Otro,,CAIDA,,1,,Intersección / cruce,,,No obstruido,Asfalto,,Apto,Seca,,Ninguna,,Ninguna,,No,No,No,Día,,,Despejado,,,Sin Semáforo
134854,OBSERVATORIO VIAL,2022-10-04,12:00:00,CORRIENTES,18,CAPITAL,21,CORRIENTES,Urbana,Avenida,AV MAIPU,6000,13 DE junio,,,,3,0,0,3,0,Colisión entre vehículos,Colisión entre vehículos,S/D,,Alcance,3,Recta,Intersección / cruce,,NO,,Hormigón,,Apto,Seca,,Cordón Divisorio,,,,No,No,No,Día,NO,Sin Restricción,Despejado,Buena,,Sin Semáforo
144734,OBSERVATORIO VIAL,2022-10-04,16:52:00,CORRIENTES,18,CAPITAL,21,CORRIENTES,Urbana,Avenida,AV. LIBERTAD,,RUTA 12,,,,1,1,0,2,0,Colisión entre vehículos,Colisión entre vehículos,S/D,,,2,Recta,Intersección / cruce,,NO,,Asfalto,,Apto,Seca,,Ninguna,,,,Si,Si,Si,Día,NO,Sin Restricción,Despejado,Buena,,Funciona
157807,MUNICIPALIDAD DE CORRIENTES,2022-10-04,13:20:00,CORRIENTES,18,CAPITAL,21,CORRIENTES,,Calle,SAN LUIS,,BOLÍVAR,,-2.747.031,-5.884.319,1,1,0,2,0,Colisión entre vehículos,Colisión entre vehículos,S/D,,Angulo,2,Recta,Intersección / cruce,,NO,,Hormigón,,Apto,Despejada,,Ninguna,,,,S/D,S/D,S/D,Día,NO,Sin Restricción,Despejado,Buena,,Sin Semáforo
164614,MUNICIPALIDAD DE CORRIENTES,2022-10-04,8:05:00,CORRIENTES,18,CAPITAL,21,CORRIENTES,Urbana,Calle,CATAMARCA,853,JUNÍN,9 DE julio,-2.746.742,-5.883.299,2,0,0,2,0,Colisión entre vehículos,Colisión entre vehículos,S/D,,Lateral,2,Recta,,,NO,,Asfalto,,Apto,Seca,,,,,,,Si,,Día,NO,Sin Restricción,Despejado,Buena,,Funciona
151161,OBSERVATORIO VIAL,2022-10-04,15:21:00,CORRIENTES,18,CAPITAL,21,,,,CUBA,,RAMOS MEJIA,,,,0,2,0,2,0,Colisión entre vehículos,Colisión entre vehículos,S/D,,Angulo,2,Recta,Intersección / cruce,,NO,,Asfalto,,Apto,Seca,,Ninguna,,,,No,No,,Día,NO,Sin Restricción,Despejado,Buena,,Sin Semáforo
157823,OBSERVATORIO VIAL,2022-10-02,14:06:00,CORRIENTES,18,CAPITAL,21,CORRIENTES,Urbana,Calle,RIVADAVIA,1000,SAN JUAN,,-2.747.434,-5.883.745,2,0,0,2,0,Colisión entre vehículos,Colisión entre vehículos,S/D,,Alcance,2,Recta,Intersección / cruce,,NO,,Asfalto,,Apto,"Despejada, Seca",,Ninguna,,,,Si,Si,S/D,Día,NO,Sin Restricción,Despejado,Buena,,Sin Semáforo
153796,OBSERVATORIO VIAL,2022-10-02,8:28:00,CORRIENTES,18,CAPITAL,21,CORRIENTES,Urbana,Avenida,ROTONDA PONCHO VERDE,2100,,,,,2,0,0,2,0,Colisión entre vehículos,Colisión entre vehículos,S/D,,Lateral,2,Recta,Rotonda,,NO,,Asfalto,,Apto,"Despejada, Seca",,Ninguna,,,,Si,Si,S/D,Día,NO,Sin Restricción,Despejado,Buena,,Sin Semáforo
156562,OBSERVATORIO VIAL,2022-10-02,15:00:00,CORRIENTES,18,CAPITAL,21,CORRIENTES,Urbana,Avenida,AV. DR ROMERO,,SUIPACHA,,,,0,1,0,1,0,Colisión entre vehículos,Colisión entre vehículos,S/D,ATROPELLO DE COLUMNA,Frontal,1,Recta,Intersección / cruce,,NO,,Asfalto,,Apto,Seca,,Cordón Divisorio,,,,S/D,S/D,,Día,NO,Sin Restricción,Despejado,Buena,,Sin Semáforo
156553,OBSERVATORIO VIAL,2022-10-02,18:10:00,CORRIENTES,18,CAPITAL,21,CORRIENTES,Urbana,Avenida,AV ALFONSIN,4800,ONTIVEROS,,-2.747.596,-5.879.264,1,1,0,2,0,Colisión entre vehículos,Colisión entre vehículos,S/D,,,2,Recta,Intersección / cruce,,NO,,Hormigón,,Apto,Seca,,Ninguna,,,,S/D,S/D,S/D,Día,NO,Sin Restricción,Despejado,Buena,,Sin Semáforo
145740,OBSERVATORIO VIAL,2022-10-01,20:30:00,CORRIENTES,18,CAPITAL,21,CORRIENTES,Urbana,Avenida,AV. MAIPU,,ROTONDA SANTA CATALINA,,,,2,0,0,2,0,Colisión entre vehículos,Colisión entre vehículos,S/D,,,2,Recta,Intersección / cruce,,NO,,Asfalto,,Apto,Seca,,Ninguna,,,,S/D,S/D,S/D,Noche,SI,,Despejado,Buena,,Sin Semáforo
147085,OBSERVATORIO VIAL,2022-10-01,9:20:00,CORRIENTES,18,CAPITAL,21,,Urbana,Avenida,AV MAIPU,,ALTA GRACIA,,,,2,0,0,2,0,Colisión entre vehículos,Colisión entre vehículos,S/D,,Angulo,2,Recta,Intersección / cruce,,NO,,,,,"Despejada, Seca",,Cordón Divisorio,,,,Si,S/D,S/D,Día,NO,,Despejado,Buena,,Funciona
165344,MUNICIPALIDAD DE CORRIENTES,2022-10-01,9:20:00,CORRIENTES,18,CAPITAL,21,CORRIENTES,Urbana,Avenida,GOBERNADARO JOSÉ MARÍA ROLÓN,2555,SANTIAGO DEL ESTERO,,-2.746.172,-5.881.741,1,0,0,1,0,Choque,Choque,S/D,,En calzada,1,Recta,Intersección / cruce,,NO,,Asfalto,,Apto,"Despejada, Seca",,Ninguna,,,,No,S/D,S/D,Día,NO,,Despejado,,,Sin Semáforo
135581,OBSERVATORIO VIAL,2022-10-01,12:40:00,CORRIENTES,18,CAPITAL,21,CORRIENTES,Urbana,Ruta Nacional,12,2700,VERONA,,-2.749.613,-5.877.746,1,1,0,2,0,Colisión entre vehículos,Colisión entre vehículos,S/D,,Angulo,2,Recta,Intersección / cruce,,NO,,Asfalto,,Apto,Seca,,Ninguna,,,,S/D,S/D,Si,Día,NO,Sin Restricción,Despejado,Buena,,Sin Semáforo
156585,OBSERVATORIO VIAL,2022-10-01,12:50:00,CORRIENTES,18,CAPITAL,21,CORRIENTES,Urbana,,AV.3 DE ABRIL,,ESPAÑA,,,,3,0,0,3,0,Colisión entre vehículos,Colisión entre vehículos,S/D,,Angulo,3,Recta,Intersección / cruce,,NO,,Asfalto,,Apto,Seca,,Cordón Divisorio,,,,Si,Si,,Día,NO,,Despejado,Buena,,Funciona
145039,OBSERVATORIO VIAL,2022-10-01,15:21:00,CORRIENTES,18,CAPITAL,21,CORRIENTES,Urbana,Avenida,AV MAIPU,3200,LOS MATACOS,,,,1,1,0,2,0,Colisión entre vehículos,Colisión entre vehículos,S/D,,Lateral,2,Recta,Intersección / cruce,,,,Asfalto,,Apto,"Despejada, Seca",,Ninguna,,,,S/D,S/D,S/D,Día,NO,Sin Restricción,Despejado,Buena,,Sin Semáforo