id_feu,unidad_regional,siniestro_fecha,siniestro_hora,provincia,id_provincia,departamento,id_departamento,localidad,zona_ocurrencia,via_publica,nombre_via,altura_km,entre_calle_1,entre_calle_2,latitud,longitud,ilesos,heridos,fallecidos,vehiculos,peatones,tipo_siniestro_multiple,tipo_siniestro_unico,despiste_previo,tipo_siniestro_otro,tipo_colision,cantidad_de_involucrados,trazado_via,configuracion_de_la_via,configuracion_de_la_via_otro_tipo,pendiente_declive,cono_de_vision,material_de_la_calzada,material_de_la_calzada_otro,estado_de_la_calzada,estado_fisico_ambiental,estado_de_conservacion_otro,division_fisica_de_la_via,division_fisica_de_la_via_otro,barreras_de_seguridad,banquinas,senalizacion_carteleria,senalizacion_horizontal,senalizacion_transitoria,luminosidad,luz_artificial,transito_restringido,estado_ambiental,visibilidad,visibilidad_otro,semaforo
167743,MUNICIPALIDAD DE CORRIENTES,2022-08-11,6:46:00,CORRIENTES,18,CAPITAL,21,CORRIENTES,Urbana,Calle,MEDRANO,1348,,,-2.747.859,-5.879.782,1,1,0,2,0,Colisión entre vehículos,Colisión entre vehículos,S/D,,,2,Recta,,,NO,,Asfalto,,Apto,,,,,,,S/D,S/D,S/D,Día,NO,Sin Restricción,Despejado,,,Sin Semáforo
145050,OBSERVATORIO VIAL,2022-08-11,20:00:00,CORRIENTES,18,CAPITAL,21,CORRIENTES,Urbana,Avenida,AV ARMENIA,5000,J R FERNANDEZ,,,,0,1,0,1,0,Caída desde vehículo,Caída desde vehículo,S/D,,,1,Recta,Intersección / cruce,,NO,,Asfalto,,Apto,"Despejada, Seca",,Cordón Divisorio,,,,Si,Si,No,Noche,SI,Sin Restricción,Despejado,Buena,,Funciona
161487,MUNICIPALIDAD DE CORRIENTES,2022-08-11,7:45:00,CORRIENTES,18,CAPITAL,21,CORRIENTES,Urbana,Avenida,AVDA. COSTANERA GRAL SAN MARTÍN,200,DON BOSCO,,-2.746.641,-5.884.931,0,1,0,1,0,Caída desde vehículo,Caída desde vehículo,S/D,,,1,Recta,Intersección / cruce,,NO,,Asfalto,,Apto,Seca,,Otro,,,,Si,Si,Si,Día,NO,Sin Restricción,Despejado,Buena,,Sin Semáforo
151187,OBSERVATORIO VIAL,2022-08-11,5:25:00,CORRIENTES,18,CAPITAL,21,CORRIENTES,Urbana,Avenida,AV INDEPENDENCIA,4700,GASCON,,,,2,0,0,2,0,Colisión entre vehículos,Colisión entre vehículos,S/D,,Lateral,2,Recta,Intersección / cruce,,NO,,Asfalto,,Apto,"Despejada, Seca",,Cordón Divisorio,,,,Si,Si,S/D,Noche,SI,Sin Restricción,Despejado,Buena,,Sin Semáforo
134090,MUNICIPALIDAD DE CORRIENTES,2022-08-11,10:20:00,CORRIENTES,18,CAPITAL,21,CORRIENTES,Urbana,Avenida,AV INDEPENDENCIA,,MEDRANO,,,,2,0,0,2,0,Colisión entre vehículos,Colisión entre vehículos,S/D,,,2,Recta,Intersección / cruce,,NO,,Asfalto,,Apto,Seca,,Ninguna,,,,,,,Día,NO,Sin Restricción,Despejado,Buena,,
145047,OBSERVATORIO VIAL,2022-08-11,9:52:00,CORRIENTES,18,CAPITAL,21,CORRIENTES,Urbana,Avenida,R.R.ALFONSIN,4600,DARRAGUEIRA,,-2.747.578,-5.879.452,1,1,0,2,0,Colisión entre vehículos,Colisión entre vehículos,S/D,,,2,Recta,Intersección / cruce,,NO,,Asfalto,,Apto,Seca,,Ninguna,,,,Si,Si,No,Día,NO,Sin Restricción,Despejado,Buena,,Sin Semáforo
159931,OBSERVATORIO VIAL,2022-08-09,17:35:00,CORRIENTES,18,CAPITAL,21,CORRIENTES,Urbana,,AV. MEDRANO,,CARTAGENA,,,,2,0,0,2,0,Colisión entre vehículos,Colisión entre vehículos,S/D,,,2,Recta,Intersección / cruce,,NO,,Asfalto,,Apto,Seca,,Cordón Divisorio,,,,S/D,S/D,S/D,Día,NO,,Despejado,Buena,,Funciona
134805,OBSERVATORIO VIAL,2022-08-09,7:10:00,CORRIENTES,18,CAPITAL,21,CORRIENTES,Urbana,Ruta Nacional,5,2,,,,,1,1,0,2,0,Colisión entre vehículos,Colisión entre vehículos,S/D,,Lateral,2,Recta,Intersección / cruce,,NO,,Hormigón,,Apto,Seca,,Barrera de Alto Impacto,,,,No,No,No,Día,NO,Sin Restricción,Despejado,Buena,,Sin Semáforo
151222,OBSERVATORIO VIAL,2022-08-09,20:40:00,CORRIENTES,18,,,,,,PATAGONIA,,PAISANDU,,,,2,0,1,2,0,Colisión entre vehículos,Colisión entre vehículos,S/D,,Angulo,2,Recta,Intersección / cruce,,NO,,Asfalto,,Apto,Seca,,Cordón Divisorio,,,,S/D,S/D,S/D,Noche,SI,Sin Restricción,Despejado,Buena,,Sin Semáforo
158364,MUNICIPALIDAD DE CORRIENTES,2022-08-08,9:54:00,CORRIENTES,18,CAPITAL,21,CORRIENTES,Urbana,Avenida,AVDA. TTE. IBAÑEZ,1400,CATAMARCA,,-2.748.561,-5.883.522,1,1,0,2,0,Colisión entre vehículos,Colisión entre vehículos,S/D,,,2,Recta,,,NO,,Asfalto,,Apto,Seca,,,,,,,,,Día,NO,Sin Restricción,Despejado,Buena,,
166846,MUNICIPALIDAD DE CORRIENTES,2022-08-07,13:30:00,CORRIENTES,18,CAPITAL,21,CORRIENTES,Urbana,Calle,DARRAGUEIRA,1500,MORENO,,-2.748.048,-5.879.645,1,2,0,2,0,Colisión entre vehículos,Colisión entre vehículos,S/D,,,2,Recta,,,NO,,Tierra,,Apto,Seca,,,,,,No,No,No,Día,NO,Sin Restricción,Despejado,Buena,,Sin Semáforo
134821,MUNICIPALIDAD DE CORRIENTES,2022-08-07,16:40:00,CORRIENTES,18,CAPITAL,21,CORRIENTES,Urbana,Calle,IRIGOYEN,,ROCA,,,,1,1,0,1,0,Caída desde vehículo,Caída desde vehículo,S/D,,,1,Recta,Intersección / cruce,,NO,,Asfalto,,Apto,,,,,,,,,,Día,NO,Sin Restricción,Despejado,Buena,,
152092,OBSERVATORIO VIAL,2022-08-06,11:10:00,CORRIENTES,18,CAPITAL,21,CORRIENTES,Urbana,,H.IRIGOYEN,,RIOJA,,,,1,1,0,2,0,Colisión entre vehículos,Colisión entre vehículos,S/D,,Angulo,2,Recta,Intersección / cruce,,NO,,Asfalto,,Apto,Seca,,Ninguna,,,,S/D,S/D,S/D,Día,NO,Sin Restricción,Despejado,Buena,,
162784,MUNICIPALIDAD DE CORRIENTES,2022-08-06,8:00:00,CORRIENTES,18,CAPITAL,21,CORRIENTES,Urbana,Avenida,AVDA. PONCHO VERDE,2100,,,-2.746.678,-5.882.259,2,1,0,2,0,Colisión entre vehículos,Colisión entre vehículos,S/D,,Angulo,2,Curva,Rotonda,,NO,,Asfalto,,Apto,Despejada,,Cordón Divisorio,,,,,Si,,Día,NO,Sin Restricción,Despejado,Buena,,Sin Semáforo
169838,OBSERVATORIO VIAL,2022-08-06,12:35:00,CORRIENTES,18,CAPITAL,21,CORRIENTES,Urbana,Avenida,AV. ARTIGAS,1400,RIVADAVIA,,-2.747.607,-5.881.963,2,0,0,2,0,Colisión entre vehículos,Colisión entre vehículos,S/D,,,2,Recta,Intersección / cruce,,NO,,Asfalto,,Apto,Seca,,Ninguna,,,,Si,Si,No,Día,NO,Sin Restricción,Despejado,Buena,,Sin Semáforo
139737,OBSERVATORIO VIAL,2022-08-06,6:50:00,CORRIENTES,18,CAPITAL,21,CORRIENTES,Urbana,Avenida,AV LIBERTAD,5800,LAS VIOLETAS,,-2.746.281,-5.877.484,1,0,0,1,0,Colisión entre vehículos,Colisión entre vehículos,S/D,,,1,Recta,Intersección / cruce,,NO,,Asfalto,,Apto,Seca,,Ninguna,,,,Si,No,No,Día,NO,Sin Restricción,Despejado,Buena,,Sin Semáforo
175493,OBSERVATORIO VIAL,2022-08-05,23:40:00,CORRIENTES,18,CAPITAL,21,CORRIENTES,Urbana,Avenida,AV EL MAESTRO,1800,COSQUIN Y RAFAELA,,,,0,1,0,1,0,Atropello a animal/es,Atropello a animal/es,,,Alcance,1,,Recta,,,,Asfalto,,Apto,Seca,,S/D,,S/D,,No,No,No,Noche,SI,,Despejado,,,Sin Semáforo
157802,MUNICIPALIDAD DE CORRIENTES,2022-08-04,7:20:00,CORRIENTES,18,CAPITAL,21,CORRIENTES,,Avenida,AV MAIPU,,NUESTRA SEÑORA DE LA ASUNCIÓN,,-2.749.125,-5.881.990,3,2,0,4,0,Colisión entre vehículos,Colisión entre vehículos,S/D,,Alcance,4,Recta,Intersección / cruce,,NO,,Asfalto,,Apto,"Despejada, Seca",,Cordón Divisorio,,,,Si,Si,,Amanecer,SI,Sin Restricción,Despejado,Buena,,
163573,OBSERVATORIO VIAL,2022-08-02,14:06:00,CORRIENTES,18,CAPITAL,21,CORRIENTES,Urbana,Calle,RECONQUISTA,3100,LAS HERAS,,-2.748.324,-5.881.413,1,1,0,2,0,Colisión entre vehículos,Colisión entre vehículos,S/D,,Angulo,2,Recta,Intersección / cruce,,NO,,Ripio,,Apto,Seca,,Ninguna,,,,No,No,No,Día,SI,Sin Restricción,Despejado,Buena,,Sin Semáforo
169148,MUNICIPALIDAD DE CORRIENTES,2022-08-01,9:36:00,CORRIENTES,18,CAPITAL,21,CORRIENTES,Urbana,Avenida,AVENIDA TENIENTE IBAÑEZ,3000,LISANDRO SEGOVIA,,-2.748.551,-5.883.644,1,1,0,2,0,Colisión entre vehículos,Colisión entre vehículos,S/D,,,2,Recta,Intersección / cruce,,NO,,Asfalto,,Apto,,,,,,,No,Si,No,Día,NO,Sin Restricción,Despejado,Buena,,Sin Semáforo
139251,OBSERVATORIO VIAL,2022-07-31,10:00:00,CORRIENTES,18,CAPITAL,21,CORRIENTES,Urbana,Calle,PAMPIN,384,,,,,1,0,0,1,0,Choque,Choque,S/D,,Otro,1,Recta,Intersección / cruce,,NO,,Asfalto,,Apto,Seca,,,,,,S/D,S/D,S/D,Día,NO,Sin Restricción,Despejado,Buena,,Sin Semáforo
171750,OBSERVATORIO VIAL,2022-07-31,6:00:00,CORRIENTES,18,CAPITAL,21,CORRIENTES,Urbana,Calle,SUIZA,3200,CORNELIO SAAVEDRA,,-2.747.595,-5.881.165,1,1,0,2,0,Colisión entre vehículos,Colisión entre vehículos,S/D,,,2,Recta,Intersección / cruce,,NO,,Asfalto,,Apto,"Despejada, Seca",,Ninguna,,,,S/D,S/D,S/D,Amanecer,NO,Sin Restricción,Despejado,Buena,,Sin Semáforo
163590,MUNICIPALIDAD DE CORRIENTES,2022-07-31,16:40:00,CORRIENTES,18,CAPITAL,21,CORRIENTES,Urbana,Calle,GOGOY CRUZ,1310,,,,,1,1,0,1,0,Caída desde vehículo,Caída desde vehículo,S/D,,,1,Recta,Intersección / cruce,,NO,,Asfalto,,Apto,Seca,,Ninguna,,,,,,,Día,NO,Sin Restricción,Despejado,Buena,,Sin Semáforo
169845,MUNICIPALIDAD DE CORRIENTES,2022-07-30,4:00:00,CORRIENTES,18,CAPITAL,21,CORRIENTES,Urbana,Avenida,AVENIDA RAÚL ALFONSÍN,4080,LOS TILOS,,-2.747.389,-5.880.136,1,1,1,1,0,Despiste,Despiste,Si,,,1,Recta,Intersección / cruce,,NO,,Hormigón,,Apto,Seca,,Barrera de Hormigón,,,,Si,Si,No,Noche,SI,Sin Restricción,Despejado,Buena,,Sin Semáforo
142762,OBSERVATORIO VIAL,2022-07-30,6:20:00,CORRIENTES,18,CAPITAL,21,CORRIENTES,Urbana,Avenida,AV MAIPU,3100,TILCARA,,,,1,2,0,2,0,Colisión entre vehículos,Colisión entre vehículos,S/D,,Alcance,2,Recta,Intersección / cruce,,NO,,Asfalto,,Apto,"Despejada, Seca",,Cordón Divisorio,,,,Si,Si,S/D,,SI,Sin Restricción,Nublado,Buena,,Funciona
162768,OBSERVATORIO VIAL,2022-07-30,6:20:00,CORRIENTES,18,CAPITAL,21,CORRIENTES,Urbana,Calle,SALTA,500,25 DE mayo,,-2.746.372,-5.883.880,0,2,0,2,0,Colisión entre vehículos,Colisión entre vehículos,S/D,,Lateral,2,Recta,Intersección / cruce,,NO,,Asfalto,,Apto,"Despejada, Seca",,Ninguna,,,,Si,Si,No,Amanecer,SI,Sin Restricción,Despejado,Buena,,Sin Semáforo
134051,MUNICIPALIDAD DE CORRIENTES,2022-07-30,9:10:00,CORRIENTES,18,CAPITAL,21,CORRIENTES,Urbana,Avenida,AV. INDEPENDENCIA,3100,,,,,2,0,0,2,0,Colisión entre vehículos,Colisión entre vehículos,S/D,,,2,Recta,Intersección / cruce,,NO,,Asfalto,,Apto,Seca,,,,,,,,,Día,NO,Sin Restricción,Despejado,Buena,,
175479,OBSERVATORIO VIAL,2022-07-30,6:50:00,CORRIENTES,18,CAPITAL,21,CORRIENTES,Urbana,Avenida,AVENIDA FERRÉ,1600,AVENIDA SANTA ROSA,,-2.747.785,-5.881.979,1,1,0,1,1,Atropello a peatón/es,Atropello a peatón/es,,,,2,,Intersección / cruce,,,No obstruido,Asfalto,,Apto,Seca,,Otro,PARTERRE,Ninguna,,Si,Si,No,Día,,,Despejado,,,Funciona
139222,OBSERVATORIO VIAL,2022-07-29,7:55:00,CORRIENTES,18,CAPITAL,21,CORRIENTES,Urbana,Calle,MADARIAGA,2175,PIO XII,,-2.748.473,-5.882.021,1,1,0,2,0,Colisión entre vehículos,Colisión entre vehículos,S/D,,,2,Recta,Intersección / cruce,,NO,,Hormigón,,Apto,Seca,,Ninguna,,,,Si,Si,No,Día,NO,,Despejado,Buena,,Sin Semáforo
142718,OBSERVATORIO VIAL,2022-07-29,7:00:00,CORRIENTES,18,CAPITAL,21,CORRIENTES,Urbana,Calle,SALTA,700,PELLEGRINI,,,,1,1,0,2,0,Colisión entre vehículos,Colisión entre vehículos,S/D,,Lateral,2,Recta,Intersección / cruce,,NO,,Asfalto,,Apto,Mojada,,Ninguna,,,,Si,Si,No,Día,NO,Sin Restricción,Lluvia,Lluvia,,Sin Semáforo
158365,MUNICIPALIDAD DE CORRIENTES,2022-07-29,10:15:00,CORRIENTES,18,CAPITAL,21,CORRIENTES,Urbana,Avenida,AVDA. PUJOL,2100,,,-2.746.598,-5.882.320,1,1,0,2,0,Colisión entre vehículos,Colisión entre vehículos,S/D,,,2,Recta,Intersección / cruce,,NO,,Asfalto,,Apto,Seca,,,,,,,,,Día,NO,Sin Restricción,Despejado,Buena,,
157820,OBSERVATORIO VIAL,2022-07-28,12:25:00,CORRIENTES,18,CAPITAL,21,CORRIENTES,Urbana,Calle,SAN MARTIN,2800,EE UU,,-2.747.203,-5.881.432,1,1,0,2,0,Colisión entre vehículos,Colisión entre vehículos,S/D,,Lateral,2,Recta,Intersección / cruce,,NO,,Asfalto,,Apto,"Despejada, Seca",,Ninguna,,,,S/D,S/D,S/D,Día,NO,Sin Restricción,Despejado,Buena,,Sin Semáforo
137577,MUNICIPALIDAD DE CORRIENTES,2022-07-28,19:30:00,CORRIENTES,18,CAPITAL,21,CORRIENTES,Urbana,Avenida,AV CAZADORES CORRENTINOS,,FRANCIA,,,,0,1,0,1,0,Caída desde vehículo,Caída desde vehículo,S/D,,,1,Recta,Intersección / cruce,,NO,,Asfalto,,Apto,Seca,,Ninguna,,,,S/D,,,Día,NO,,Despejado,Buena,,Sin Semáforo
142756,OBSERVATORIO VIAL,2022-07-28,13:50:00,CORRIENTES,18,CAPITAL,21,CORRIENTES,Urbana,Calle,J M ROLON,1899,PARAGUAY,,,,1,1,0,2,0,Colisión entre vehículos,Colisión entre vehículos,S/D,,Lateral,2,Recta,Intersección / cruce,,NO,,Asfalto,,Apto,"Despejada, Seca",,Ninguna,,,,S/D,S/D,S/D,Día,NO,Sin Restricción,Despejado,Buena,,Sin Semáforo
161488,MUNICIPALIDAD DE CORRIENTES,2022-07-28,23:50:00,CORRIENTES,18,CAPITAL,21,CORRIENTES,Urbana,Avenida,AVDA. PEDRO FERRÉ,1900,PARAGUAY,,-2.747.668,-5.882.746,2,0,0,2,0,Colisión entre vehículos,Colisión entre vehículos,S/D,,Angulo,2,Recta,Intersección / cruce,,NO,,Asfalto,,Apto,Seca,,,,,,,,,Noche,SI,Sin Restricción,Despejado,Buena,,
134846,OBSERVATORIO VIAL,2022-07-27,19:20:00,CORRIENTES,18,CAPITAL,21,CORRIENTES,Urbana,Calle,LOS TILOS,715,YATAY,,,,2,0,0,2,0,Colisión entre vehículos,Colisión entre vehículos,S/D,,Lateral,2,Recta,Intersección / cruce,,NO,,Asfalto,,Apto,Seca,,Ninguna,,,,No,No,No,Día,NO,Sin Restricción,Despejado,Buena,,Sin Semáforo
165423,MUNICIPALIDAD DE CORRIENTES,2022-07-26,6:10:00,CORRIENTES,18,CAPITAL,21,CORRIENTES,Urbana,Calle,GÜEMES,1312,,,-2.747.598,-5.880.700,2,0,0,2,0,Colisión entre vehículos,Colisión entre vehículos,S/D,,Angulo,2,Recta,Intersección / cruce,,NO,,Asfalto,,Apto,"Despejada, Seca",,Ninguna,,,,S/D,S/D,S/D,Día,NO,Sin Restricción,Despejado,Buena,,Sin Semáforo
139232,MUNICIPALIDAD DE CORRIENTES,2022-07-26,8:55:00,CORRIENTES,18,CAPITAL,21,CORRIENTES,Urbana,Avenida,MEDRANO,,,,,,1,1,0,2,0,Colisión entre vehículos,Colisión entre vehículos,S/D,,Alcance,2,Recta,Intersección / cruce,,NO,,Asfalto,,Apto,Seca,,Ninguna,,,,S/D,,,Día,NO,Sin Restricción,Despejado,Buena,,Sin Semáforo
143761,OBSERVATORIO VIAL,2022-07-24,13:07:00,CORRIENTES,18,CAPITAL,21,CORRIENTES,Urbana,Calle,ESTADO DE ISRAEL,1100,RECONQUISTA,,,,2,0,0,2,0,Colisión entre vehículos,Colisión entre vehículos,S/D,,,2,Recta,Intersección / cruce,,NO,,Asfalto,,Apto,Seca,,Ninguna,,,,S/D,S/D,S/D,Día,NO,Sin Restricción,Despejado,Buena,,Sin Semáforo
148209,OBSERVATORIO VIAL,2022-07-24,9:18:00,CORRIENTES,18,CAPITAL,21,,Urbana,,GOBERNADOR RUIZ,2325,,,,,1,1,0,2,0,Colisión entre vehículos,Colisión entre vehículos,S/D,,Angulo,2,Curva,Intersección / cruce,,NO,,Asfalto,,Apto,Despejada,,Ninguna,,,,S/D,S/D,S/D,Día,NO,Sin Restricción,Nublado,Buena,,Sin Semáforo
163596,MUNICIPALIDAD DE CORRIENTES,2022-07-23,23:05:00,CORRIENTES,18,CAPITAL,21,CORRIENTES,Urbana,Calle,ESPAÑA,648,CARLOS PELLEGRINI,25 DE mayo,-2.746.543,-5.882.891,1,1,0,2,0,Colisión entre vehículos,Colisión entre vehículos,S/D,,Lateral,2,Recta,,MITAD DE CUADRA,NO,,Asfalto,,Apto,Seca,,Ninguna,,,,No,Si,No,Noche,SI,Sin Restricción,,Buena,,Sin Semáforo
151189,OBSERVATORIO VIAL,2022-07-23,15:15:00,CORRIENTES,18,CAPITAL,21,CORRIENTES,Urbana,Avenida,AV ARMENIA,3300,24 DE agosto,,,,1,1,0,2,0,Colisión entre vehículos,Colisión entre vehículos,S/D,,Alcance,2,Recta,Intersección / cruce,,NO,,Asfalto,,Apto,"Despejada, Seca",,Cordón Divisorio,,,,Si,Si,S/D,Día,NO,,Despejado,Buena,,Funciona
165420,MUNICIPALIDAD DE CORRIENTES,2022-07-23,12:26:00,CORRIENTES,18,CAPITAL,21,CORRIENTES,Urbana,Calle,TUCUMÁN,644,,,-2.746.425,-5.884.144,2,0,0,2,0,Colisión entre vehículos,Colisión entre vehículos,S/D,,,2,Recta,,MEDIA CUADRA,NO,,Asfalto,,Apto,Despejada,,,,,,No,Si,No,Día,NO,,Lluvia,Lluvia,,Sin Semáforo
152106,OBSERVATORIO VIAL,2022-07-23,18:22:00,CORRIENTES,18,,,,Urbana,,ROTONDA SANTA CATALINA,,MAIPU,,,,2,0,0,2,0,Colisión entre vehículos,Colisión entre vehículos,S/D,,Alcance,2,Recta,Intersección / cruce,,NO,,Asfalto,,Apto,Seca,,Ninguna,,,,,Si,,Atardecer,SI,Sin Restricción,Despejado,Buena,,Sin Semáforo
139945,OBSERVATORIO VIAL,2022-07-22,9:50:00,CORRIENTES,18,CAPITAL,21,CORRIENTES,Urbana,Calle,LA RIOJA,700,,,,,2,0,0,2,0,Colisión entre vehículos,Colisión entre vehículos,S/D,,Lateral,2,Recta,Intersección / cruce,,NO,,Asfalto,,Apto,Seca,,Ninguna,,,,Si,Si,No,Día,NO,Sin Restricción,Despejado,Buena,,Funciona
133406,MUNICIPALIDAD DE CORRIENTES,2022-07-20,7:30:00,CORRIENTES,18,CAPITAL,21,CORRIENTES,Urbana,Calle,9 DE julio,1200,,,,,2,1,0,2,0,Colisión entre vehículos,Colisión entre vehículos,S/D,,,2,Recta,Intersección / cruce,,NO,,Asfalto,,Apto,Seca,,Ninguna,,,,,,,Día,NO,Sin Restricción,Despejado,Buena,,
153795,OBSERVATORIO VIAL,2022-07-19,16:11:00,CORRIENTES,18,CAPITAL,21,CORRIENTES,Urbana,Calle,RIVADAVIA,2000,BRASIL,,,,1,1,0,2,0,Colisión entre vehículos,Colisión entre vehículos,S/D,,Lateral,2,Recta,Intersección / cruce,,NO,,Asfalto,,Apto,"Despejada, Seca",,Ninguna,,,,Si,Si,S/D,Día,NO,Sin Restricción,Despejado,Buena,,Sin Semáforo
175495,OBSERVATORIO VIAL,2022-07-18,6:20:00,CORRIENTES,18,CAPITAL,21,CORRIENTES,Urbana,Calle,MEXICO,1800,JUNIN,,,,1,1,0,2,0,Colisión entre vehículos,Colisión entre vehículos,,,,2,,Recta,,,,Asfalto,,Apto,Seca,,S/D,,S/D,,S/D,S/D,S/D,Día,,,Despejado,,,S/D
151205,OBSERVATORIO VIAL,2022-07-18,18:40:00,CORRIENTES,18,CAPITAL,21,CORRIENTES,Urbana,Calle,QUINQUELA MARTIN,979,,,-2.747.577,-5.879.365,1,2,0,1,0,"Caída desde vehículo, Colisión entre vehículos",Colisión entre vehículos,S/D,,,1,Recta,Intersección / cruce,,NO,,Asfalto,,Apto,Seca,,Ninguna,,,,S/D,S/D,S/D,Atardecer,SI,Sin Restricción,Despejado,Buena,,Sin Semáforo
160640,MUNICIPALIDAD DE CORRIENTES,2022-07-17,22:45:00,CORRIENTES,18,CAPITAL,21,CORRIENTES,Urbana,Calle,USHUAIA,1700,,,,,1,1,0,2,0,Colisión entre vehículos,Colisión entre vehículos,S/D,,,2,Recta,Intersección / cruce,,NO,,Asfalto,,Apto,Seca,,,,,,S/D,S/D,S/D,Noche,SI,Sin Restricción,Despejado,Buena,,Sin Semáforo
139224,OBSERVATORIO VIAL,2022-07-17,8:30:00,CORRIENTES,18,CAPITAL,21,CORRIENTES,Urbana,Calle,BRASIL,2201,IRIGOYEN,,-2.746.982,-5.882.418,2,0,0,2,0,Colisión entre vehículos,Colisión entre vehículos,S/D,,,2,Recta,Intersección / cruce,,NO,,Asfalto,,Apto,Seca,,Ninguna,,,,No,No,No,Día,NO,Sin Restricción,Despejado,Buena,,Sin Semáforo
139738,OBSERVATORIO VIAL,2022-07-16,10:50:00,CORRIENTES,18,CAPITAL,21,CORRIENTES,Urbana,Avenida,AV PAYSANDU,3500,IBERA,,-2.749.944,-5.882.569,2,2,0,2,0,Colisión entre vehículos,Colisión entre vehículos,S/D,,,2,Recta,Intersección / cruce,,NO,,Asfalto,,Apto,Despejada,,Cordón Divisorio,,,,Si,Si,No,Día,NO,Sin Restricción,Despejado,Buena,,Funciona
142691,OBSERVATORIO VIAL,2022-07-16,0:15:00,CORRIENTES,18,CAPITAL,21,CORRIENTES,Urbana,Avenida,AV TENIENTE IBAÑEZ,1700,AV MAIPU,,,,1,1,0,2,0,Colisión entre vehículos,Colisión entre vehículos,S/D,,Lateral,2,Recta,Intersección / cruce,,NO,,Asfalto,,Apto,Seca,,Cordón Divisorio,,,,Si,Si,No,Noche,SI,Sin Restricción,Despejado,Buena,,Funciona
146712,OBSERVATORIO VIAL,2022-07-16,6:55:00,CORRIENTES,18,CAPITAL,21,CORRIENTES,Urbana,,LAGRAÑA,,ROLON,,,,2,0,0,2,0,Colisión entre vehículos,Colisión entre vehículos,S/D,,,2,Recta,Intersección / cruce,,NO,,Asfalto,,Apto,"Despejada, Seca",,Ninguna,,,,S/D,S/D,S/D,Atardecer,NO,Sin Restricción,Despejado,Buena,,Sin Semáforo
158356,MUNICIPALIDAD DE CORRIENTES,2022-07-15,12:50:00,CORRIENTES,18,CAPITAL,21,CORRIENTES,Urbana,Avenida,PLÁCIDO MARTÍNEZ,700,,,-2.746.157,-5.884.055,3,0,0,2,0,Colisión entre vehículos,Colisión entre vehículos,S/D,,Lateral,2,Recta,Intersección / cruce,,NO,,Asfalto,,Apto,Seca,,Otro,PARTERRE,,,,,,Día,SI,Sin Restricción,Despejado,Buena,,
137576,MUNICIPALIDAD DE CORRIENTES,2022-07-14,19:13:00,CORRIENTES,18,CAPITAL,21,CORRIENTES,Urbana,Avenida,AV. CAZADORES CORRENTINOS,3100,RECONQUISTA,,,,1,1,0,2,0,Colisión entre vehículos,Colisión entre vehículos,S/D,,,2,Recta,Intersección / cruce,,NO,,Asfalto,,Apto,Seca,,,,,,,,,Día,NO,Sin Restricción,Despejado,Buena,,
152977,OBSERVATORIO VIAL,2022-07-13,20:50:00,CORRIENTES,18,,,,Urbana,Avenida,AV. CHACABUCO,,GENERAL PAZ,,,,1,1,0,2,0,Colisión entre vehículos,Colisión entre vehículos,S/D,,Alcance,2,Recta,Intersección / cruce,,NO,,Asfalto,,Apto,Seca,,Cordón Divisorio,,,,S/D,S/D,S/D,Noche,SI,Sin Restricción,Despejado,Buena,,Sin Semáforo
159882,MUNICIPALIDAD DE CORRIENTES,2022-07-13,16:20:00,CORRIENTES,18,CAPITAL,21,CORRIENTES,Urbana,Calle,PERÚ,1300,BELGRANO,,-2.747.348,-5.882.200,2,0,0,2,0,Colisión entre vehículos,Colisión entre vehículos,S/D,,Angulo,2,Recta,Intersección / cruce,,NO,,Asfalto,,Apto,Seca,,Ninguna,,,,S/D,S/D,S/D,Día,NO,Sin Restricción,Despejado,Buena,,Sin Semáforo
175478,OBSERVATORIO VIAL,2022-07-12,11:30:00,CORRIENTES,18,CAPITAL,21,CORRIENTES,Urbana,Avenida,AVENIDA MAIPÚ,1000,,,-2.748.697,-5.882.277,1,2,0,2,0,Colisión entre vehículos,Colisión entre vehículos,,,Angulo,2,,Intersección / cruce,,,No obstruido,Asfalto,,Apto,Seca,,Ninguna,,Ninguna,,No,No,No,Día,,,Despejado,,,Sin Semáforo