id_feu,unidad_regional,siniestro_fecha,siniestro_hora,provincia,id_provincia,departamento,id_departamento,localidad,zona_ocurrencia,via_publica,nombre_via,altura_km,entre_calle_1,entre_calle_2,latitud,longitud,ilesos,heridos,fallecidos,vehiculos,peatones,tipo_siniestro_multiple,tipo_siniestro_unico,despiste_previo,tipo_siniestro_otro,tipo_colision,cantidad_de_involucrados,trazado_via,configuracion_de_la_via,configuracion_de_la_via_otro_tipo,pendiente_declive,cono_de_vision,material_de_la_calzada,material_de_la_calzada_otro,estado_de_la_calzada,estado_fisico_ambiental,estado_de_conservacion_otro,division_fisica_de_la_via,division_fisica_de_la_via_otro,barreras_de_seguridad,banquinas,senalizacion_carteleria,senalizacion_horizontal,senalizacion_transitoria,luminosidad,luz_artificial,transito_restringido,estado_ambiental,visibilidad,visibilidad_otro,semaforo
139736,OBSERVATORIO VIAL,2022-07-12,13:10:00,CORRIENTES,18,CAPITAL,21,CORRIENTES,Urbana,Avenida,AV MAIPU,2200,,,-2.748.833,-5.882.183,1,1,0,2,0,Colisión entre vehículos,Colisión entre vehículos,S/D,,,2,Recta,Intersección / cruce,,NO,,Asfalto,,Apto,Seca,,Ninguna,,,,Si,Si,No,Día,NO,Sin Restricción,Despejado,Buena,,Sin Semáforo
161543,OBSERVATORIO VIAL,2022-07-12,9:02:00,CORRIENTES,18,CAPITAL,21,CORRIENTES,Urbana,Avenida,Av. Chacabuco,3000,ARNMENIA,,,,0,1,0,1,0,Despiste,Despiste,Si,,,1,Recta,Intersección / cruce,,NO,,Asfalto,,Apto,Despejada,,Cordón Divisorio,,,,,,,,NO,Sin Restricción,Despejado,Buena,,Sin Semáforo
175477,OBSERVATORIO VIAL,2022-07-11,18:50:00,CORRIENTES,18,CAPITAL,21,CORRIENTES,Urbana,Avenida,AVENIDA POMAR,1000,AVENIDA RAÚL ALFONSÍN,,-2.747.270,-5.880.627,2,0,0,2,0,Colisión entre vehículos,Colisión entre vehículos,,,Alcance,2,,Intersección / cruce,,,No obstruido,Asfalto,,Apto,Seca,,Otro,PARTERRE,Ninguna,,Si,Si,No,Día,,,Despejado,,,Funciona
137589,MUNICIPALIDAD DE CORRIENTES,2022-07-11,14:09:00,CORRIENTES,18,CAPITAL,21,CORRIENTES,Urbana,Calle,ROCA,,SAN MARTIN,,,,1,1,0,2,0,Colisión entre vehículos,Colisión entre vehículos,S/D,,Angulo,2,Recta,Intersección / cruce,,NO,,Asfalto,,Apto,Seca,,Ninguna,,,,No,Si,No,Día,NO,Sin Restricción,Despejado,Buena,,Sin Semáforo
139239,MUNICIPALIDAD DE CORRIENTES,2022-07-11,19:09:00,CORRIENTES,18,CAPITAL,21,CORRIENTES,Urbana,Avenida,AV. TTE IBAÑEZ,900,,,,,2,0,0,2,0,Colisión entre vehículos,Colisión entre vehículos,S/D,,,2,Recta,Intersección / cruce,,NO,,Asfalto,,Apto,Seca,,,,,,Si,No,No,Día,NO,Sin Restricción,Despejado,Buena,,Sin Semáforo
134797,OBSERVATORIO VIAL,2022-07-11,11:10:00,CORRIENTES,18,CAPITAL,21,CORRIENTES,Urbana,Avenida,AV FERRE,2200,PERU,,,,2,0,0,2,0,Colisión entre vehículos,Colisión entre vehículos,S/D,,Lateral,2,Recta,Intersección / cruce,,NO,,Hormigón,,Apto,Seca,,Cordón Divisorio,,,,Si,Si,No,Día,NO,Sin Restricción,Despejado,Buena,,Sin Semáforo
134864,MUNICIPALIDAD DE CORRIENTES,2022-07-10,12:50:00,CORRIENTES,18,CAPITAL,21,CORRIENTES,Urbana,Avenida,AV. CHACABUCO,3000,LAS HERAS,,,,0,3,0,2,0,Colisión entre vehículos,Colisión entre vehículos,S/D,,Frontal,2,Recta,Intersección / cruce,,NO,,Ripio,,Apto,Seca,,Ninguna,,,,,,,Día,NO,Sin Restricción,Despejado,Buena,,Funciona
136368,DIRECCIÓN DE SEG VIAL,2022-07-10,15:05:00,CORRIENTES,18,CAPITAL,21,CORRIENTES,Urbana,Calle,DON BOSCO,,SAN MARTIN,,,,1,0,0,1,0,Choque,Choque,S/D,,Arbol,1,Recta,Intersección / cruce,,NO,,Hormigón,,Apto,Seca,,Ninguna,,,,S/D,S/D,S/D,Día,NO,Sin Restricción,Despejado,Buena,,Sin Semáforo
161499,MUNICIPALIDAD DE CORRIENTES,2022-07-10,6:40:00,CORRIENTES,18,CAPITAL,21,CORRIENTES,Urbana,Calle,RÍO LIMAY,1400,COMODORO RIVADAVIA,,-2.749.018,-5.883.518,1,1,0,2,0,Colisión entre vehículos,Colisión entre vehículos,S/D,,,2,Recta,Intersección / cruce,,NO,,Asfalto,,Apto,Seca,,,,,,,,,Amanecer,NO,,Despejado,Buena,,
169893,MUNICIPALIDAD DE CORRIENTES,2022-07-09,13:55:00,CORRIENTES,18,CAPITAL,21,CORRIENTES,Urbana,Avenida,AVENIDA RAÚL ALFONSÍN,5200,DESCARTES,,-2.747.726,-5.878.632,1,1,0,2,0,Colisión entre vehículos,Colisión entre vehículos,S/D,,Angulo,2,Recta,Intersección / cruce,,NO,,Asfalto,,Apto,Seca,,,,,,S/D,S/D,S/D,Día,NO,Sin Restricción,Despejado,Buena,,Sin Semáforo
139275,MUNICIPALIDAD DE CORRIENTES,2022-07-09,21:50:00,CORRIENTES,18,CAPITAL,21,CORRIENTES,Urbana,Calle,AYACUCHO,,ARTIGAS,,,,2,0,0,2,0,Colisión entre vehículos,Colisión entre vehículos,S/D,,Rozamiento,2,Recta,Intersección / cruce,,NO,,Asfalto,,Apto,Seca,,Ninguna,,,,Si,Si,S/D,Noche,NO,Sin Restricción,Despejado,Buena,,Funciona
164590,OBSERVATORIO VIAL,2022-07-08,3:57:00,CORRIENTES,18,CAPITAL,21,CORRIENTES,Urbana,Avenida,AV ARTIGA,1100,,,,,1,0,0,1,0,Choque,Choque,S/D,,En calzada,1,Recta,Intersección / cruce,,NO,,Asfalto,,Apto,"Despejada, Seca",,Ninguna,,,,Si,Si,No,Noche,SI,Sin Restricción,Despejado,Buena,,Sin Semáforo
166063,OBSERVATORIO VIAL,2022-07-06,22:25:00,CORRIENTES,18,CAPITAL,21,CORRIENTES,Urbana,Calle,TRANSITO COCOMAROLA,900,,,-2.746.954,-5.881.874,0,1,0,1,0,"Caída desde vehículo, Colisión entre vehículos",Colisión entre vehículos,S/D,,,1,Curva,Intersección / cruce,,NO,,Asfalto,,Apto,Seca,,Ninguna,,,,Si,Si,Si,Noche,NO,Sin Restricción,Despejado,Buena,,Sin Semáforo
139265,OBSERVATORIO VIAL,2022-07-06,7:10:00,CORRIENTES,18,CAPITAL,21,CORRIENTES,Urbana,Avenida,AV PATAGONIA,2100,CALLE 171,,,,1,0,0,1,0,Despiste,Despiste,Si,,,1,Recta,,RECTA,NO,,Asfalto,,Apto,Seca,,Ninguna,,,,No,No,No,Día,NO,Sin Restricción,Despejado,Buena,,Sin Semáforo
142706,OBSERVATORIO VIAL,2022-07-05,18:39:00,CORRIENTES,18,CAPITAL,21,CORRIENTES,Urbana,Avenida,AV ALTA GRACIA,2800,STA CATALINA,,,,2,1,0,2,0,Colisión entre vehículos,Colisión entre vehículos,S/D,,Lateral,2,Recta,Intersección / cruce,,NO,,Asfalto,,Apto,Mojada,,Ninguna,,,,Si,S/D,S/D,Atardecer,NO,Sin Restricción,Lluvia,Lluvia,,Sin Semáforo
151183,OBSERVATORIO VIAL,2022-07-05,18:10:00,CORRIENTES,18,CAPITAL,21,CORRIENTES,Urbana,Avenida,AV PUJOL,2300,PERU,,,,4,0,0,2,0,Colisión entre vehículos,Colisión entre vehículos,S/D,,Lateral,2,Recta,Intersección / cruce,,NO,,Asfalto,,Apto,"Despejada, Seca",,Cordón Divisorio,,,,Si,Si,S/D,Día,NO,Sin Restricción,Despejado,Buena,,Sin Semáforo
159878,MUNICIPALIDAD DE CORRIENTES,2022-07-05,8:37:00,CORRIENTES,18,CAPITAL,21,CORRIENTES,Urbana,Avenida,AVDA MAIPÚ,700,,,-2.748.492,-5.882.436,1,1,0,2,0,Colisión entre vehículos,Colisión entre vehículos,S/D,,,2,Recta,,,NO,,,,Apto,Seca,,Ninguna,,,,,,,Día,NO,Sin Restricción,Despejado,Buena,,
144735,OBSERVATORIO VIAL,2022-07-05,14:47:00,CORRIENTES,18,CAPITAL,21,CORRIENTES,Urbana,Avenida,AV. COSTANERA,,3 DE abril,,,,3,0,0,1,0,"Colisión entre vehículos, Despiste",Colisión entre vehículos,Si,,,1,Recta,Intersección / cruce,,NO,,Asfalto,,Apto,Seca,,Ninguna,,,,Si,Si,Si,Día,NO,Sin Restricción,Despejado,Buena,,Funciona
157805,MUNICIPALIDAD DE CORRIENTES,2022-07-05,8:35:00,CORRIENTES,18,CAPITAL,21,CORRIENTES,Urbana,,ESPAÑA,1100,SAN MARTÍN,,-2.747.053,-5.882.940,2,1,0,2,0,Colisión entre vehículos,Colisión entre vehículos,S/D,,Angulo,2,Recta,Intersección / cruce,,NO,,Asfalto,,Apto,"Despejada, Seca",,Ninguna,,,,Si,Si,No,Día,NO,Sin Restricción,Despejado,Buena,,Sin Semáforo
165427,MUNICIPALIDAD DE CORRIENTES,2022-07-04,9:50:00,CORRIENTES,18,CAPITAL,21,CORRIENTES,Urbana,Calle,NECOCHEA,1700,AVENIDA SARMIENTO,,-2.748.020,-5.883.059,6,0,0,2,0,Colisión entre vehículos,Colisión entre vehículos,S/D,,Alcance,2,Recta,Intersección / cruce,,NO,,Asfalto,,Apto,Seca,,Ninguna,,,,S/D,S/D,S/D,Día,NO,Sin Restricción,Nublado,Buena,,Sin Semáforo
134069,MUNICIPALIDAD DE CORRIENTES,2022-07-04,12:57:00,CORRIENTES,18,CAPITAL,21,CORRIENTES,Urbana,Calle,MEXICO,1200,BELGRANO,,,,2,0,0,2,0,Colisión entre vehículos,Colisión entre vehículos,S/D,,,2,Recta,Intersección / cruce,,NO,,Asfalto,,Apto,Seca,,,,,,,,,Día,NO,Sin Restricción,Despejado,Buena,,
145182,OBSERVATORIO VIAL,2022-07-03,21:42:00,CORRIENTES,18,CAPITAL,21,CORRIENTES,Urbana,Avenida,GOBERNADOR RUIZ,,ESTADO UNIDO,,,,2,1,0,2,0,Colisión entre vehículos,Colisión entre vehículos,S/D,,Alcance,2,Recta,Intersección / cruce,,NO,,Asfalto,,Apto,Seca,,Ninguna,,,,S/D,S/D,S/D,Noche,SI,Sin Restricción,Despejado,Buena,,Sin Semáforo
176145,OBSERVATORIO VIAL,2022-07-02,7:50:00,CORRIENTES,18,CAPITAL,21,CORRIENTES,Urbana,Calle,BOLIVAR,2500,AV ARTIGAS,,,,1,2,0,2,0,Colisión entre vehículos,Colisión entre vehículos,,,Lateral,2,,Intersección / cruce,,,No obstruido,Asfalto,,Apto,Seca,,Ninguna,,,,Si,Si,No,Día,,,Despejado,,,Sin Semáforo
136375,MUNICIPALIDAD DE CORRIENTES,2022-07-02,11:26:00,CORRIENTES,18,CAPITAL,21,CORRIENTES,Urbana,Avenida,TTE IBAÑEZ,2300,,,,,1,1,0,2,0,Colisión entre vehículos,Colisión entre vehículos,S/D,,,2,Recta,Intersección / cruce,,NO,,Asfalto,,Apto,Seca,,,,,,,,,Día,SI,Sin Restricción,Despejado,Buena,,
146713,OBSERVATORIO VIAL,2022-07-02,8:42:00,CORRIENTES,18,CAPITAL,21,,Urbana,,SAN MARTIN,,EE.UU,,,,1,0,0,2,0,Colisión entre vehículos,Colisión entre vehículos,S/D,,,2,Recta,Intersección / cruce,,NO,,Asfalto,,Apto,"Despejada, Seca",,Ninguna,,,,S/D,S/D,S/D,Día,NO,Sin Restricción,Despejado,Buena,,Sin Semáforo
134820,MUNICIPALIDAD DE CORRIENTES,2022-07-02,12:15:00,CORRIENTES,18,CAPITAL,21,CORRIENTES,Urbana,Calle,PEREZ BULNER,,CAYETANO RODRIGUEZ,,,,2,0,0,2,0,Colisión entre vehículos,Colisión entre vehículos,S/D,,,2,Recta,Intersección / cruce,,NO,,Asfalto,,Apto,Seca,,,,,,,,,Día,NO,Sin Restricción,Despejado,Buena,,
139938,OBSERVATORIO VIAL,2022-07-02,10:00:00,CORRIENTES,18,CAPITAL,21,CORRIENTES,Urbana,Avenida,AV 3 DE ABRIL,600,SAN LUIS,,,,1,1,0,2,0,Colisión entre vehículos,Colisión entre vehículos,S/D,,Lateral,2,Recta,Intersección / cruce,,NO,,Asfalto,,Apto,Seca,,Cordón Divisorio,,,,Si,Si,No,Día,NO,Sin Restricción,Despejado,Buena,,Funciona
145173,OBSERVATORIO VIAL,2022-07-02,16:15:00,CORRIENTES,18,,,,,Avenida,AVENIDA VERA,,CATARMARCA,,,,1,1,0,2,0,Colisión entre vehículos,Colisión entre vehículos,S/D,,Angulo,2,Recta,Intersección / cruce,,NO,,Asfalto,,Apto,Seca,,Ninguna,,,,S/D,S/D,S/D,Día,NO,Sin Restricción,Despejado,Buena,,Sin Semáforo
151193,OBSERVATORIO VIAL,2022-07-01,10:08:00,CORRIENTES,18,CAPITAL,21,CORRIENTES,Urbana,Calle,TACUARI,,LAS HERAS,,,,2,0,0,2,0,Colisión entre vehículos,Colisión entre vehículos,S/D,,Angulo,2,Recta,Intersección / cruce,,NO,,Asfalto,,Apto,Seca,,Ninguna,,,,S/D,S/D,S/D,Día,NO,Sin Restricción,Despejado,Buena,,Sin Semáforo
139235,MUNICIPALIDAD DE CORRIENTES,2022-07-01,8:45:00,CORRIENTES,18,,,,Urbana,Avenida,AV. MAIPU,700,,,,,1,1,0,2,0,Colisión entre vehículos,Colisión entre vehículos,S/D,,,2,Recta,Intersección / cruce,,NO,,Asfalto,,Apto,Seca,,Ninguna,,,,,,,Día,NO,Sin Restricción,Despejado,Buena,,
146729,OBSERVATORIO VIAL,2022-07-01,17:55:00,CORRIENTES,18,CAPITAL,21,,Urbana,Avenida,AV. TTE IBAÑEZ,,BALBOA,,,,1,1,0,2,0,Colisión entre vehículos,Colisión entre vehículos,S/D,,Angulo,2,Recta,Intersección / cruce,,NO,,Asfalto,,Apto,"Despejada, Seca",,Cordón Divisorio,,,,Si,Si,S/D,Día,NO,Sin Restricción,Despejado,Buena,,Sin Semáforo
151217,OBSERVATORIO VIAL,2022-07-01,12:30:00,CORRIENTES,18,,,,Urbana,,MADARIAGA,2489,FRAGATA HERCULES,,,,1,1,0,1,1,Atropello a peatón/es,Atropello a peatón/es,S/D,,,2,Recta,Intersección / cruce,,NO,,Asfalto,,Apto,Seca,,Ninguna,,,,Si,S/D,No,Día,NO,Sin Restricción,Despejado,Buena,,Sin Semáforo
146723,OBSERVATORIO VIAL,2022-06-30,15:55:00,CORRIENTES,18,,,,Urbana,,CORDOBA,,SAN MARTIN,,,,2,0,0,2,0,Colisión entre vehículos,Colisión entre vehículos,S/D,,Angulo,2,Recta,Intersección / cruce,,NO,,Asfalto,,Apto,Mojada,,Ninguna,,,,Si,S/D,S/D,Día,NO,Sin Restricción,Lluvia,Lluvia,,Sin Semáforo
174635,Observatorio Vial,2022-06-30,15:10:00,CORRIENTES,18,CAPITAL,21,CORRIENTES,Urbana,Avenida,Av. Montecarlos,1900,Río de Janeíro,,,,1,1,0,2,0,Colisión entre vehículos,Colisión entre vehículos,,,Lateral,2,,Intersección / cruce,,,No obstruido,,,Apto,Seca,,Ninguna,,Asfalto,,S/D,,,Día,,,Despejado,,,Sin Semáforo
148994,OBSERVATORIO VIAL,2022-06-30,13:50:00,CORRIENTES,18,CAPITAL,21,CORRIENTES,Urbana,Avenida,AV 3 DE ABRIL,800,BS AS,,,,2,0,0,2,0,Colisión entre vehículos,Colisión entre vehículos,S/D,,Alcance,2,Recta,Intersección / cruce,,NO,,Asfalto,,Apto,"Despejada, Seca",,Ninguna,,,,Si,Si,No,Día,NO,Sin Restricción,Despejado,Buena,,Funciona
169891,MUNICIPALIDAD DE CORRIENTES,2022-06-29,9:30:00,CORRIENTES,18,CAPITAL,21,CORRIENTES,Urbana,Avenida,AVENIDA LIBERTAD,5300,UNNE,,-2.746.523,-5.878.392,1,1,0,2,0,Colisión entre vehículos,Colisión entre vehículos,S/D,,,2,Recta,,,NO,,Asfalto,,Apto,,,,,,,Si,Si,No,Día,NO,Sin Restricción,Despejado,Buena,,Funciona
141873,OBSERVATORIO VIAL,2022-06-29,12:40:00,CORRIENTES,18,CAPITAL,21,CORRIENTES,Urbana,Avenida,AV MAIPU,,LAS HERAS,,,,2,0,0,2,0,Colisión entre vehículos,Colisión entre vehículos,S/D,,,2,Recta,Intersección / cruce,,NO,,Asfalto,,Apto,Seca,,Ninguna,,,,Si,Si,No,Día,NO,Sin Restricción,Despejado,Buena,,Funciona
148155,OBSERVATORIO VIAL,2022-06-29,14:19:00,CORRIENTES,18,CAPITAL,21,CORRIENTES,Urbana,Calle,LA RIOJA,2000,LAS HERAS,,-2.748.033,-5.883.972,1,1,0,2,0,Colisión entre vehículos,Colisión entre vehículos,S/D,,Angulo,2,Recta,Intersección / cruce,,NO,,,,Apto,Seca,,Ninguna,,,,Si,No,No,Día,NO,Sin Restricción,Despejado,Buena,,Sin Semáforo
152959,OBSERVATORIO VIAL,2022-06-28,20:00:00,CORRIENTES,18,,,,Urbana,,AV.MAIPÙ,,SANTA CATALINA,,,,1,1,0,2,0,,,S/D,,,2,Recta,Intersección / cruce,,NO,,Hormigón,,Apto,Seca,,Ninguna,,,,Si,Si,,Atardecer,SI,Sin Restricción,Despejado,Buena,,Funciona
151200,OBSERVATORIO VIAL,2022-06-27,16:50:00,CORRIENTES,18,,,,Urbana,,AV MAIPU,,TILCARA,,,,1,1,0,2,0,Colisión entre vehículos,Colisión entre vehículos,S/D,,Angulo,2,Recta,Intersección / cruce,,NO,,Asfalto,,Apto,Seca,,Cordón Divisorio,,,,Si,,,Día,NO,Sin Restricción,Despejado,Buena,,Sin Semáforo
152939,OBSERVATORIO VIAL,2022-06-27,10:35:00,CORRIENTES,18,CAPITAL,21,CORRIENTES,Urbana,Calle,ESTADO DE ISRAEL,2600,,,-2.747.268,-5.881.894,2,0,0,2,0,Colisión entre vehículos,Colisión entre vehículos,S/D,,,2,Recta,Intersección / cruce,,NO,,Asfalto,,Apto,Seca,,Ninguna,,,,Si,Si,No,Día,NO,Sin Restricción,Despejado,Buena,,Sin Semáforo
134861,MUNICIPALIDAD DE CORRIENTES,2022-06-26,22:51:00,CORRIENTES,18,CAPITAL,21,CORRIENTES,Urbana,Calle,CUBA,,YUGOSLAVIA,,,,0,2,0,2,0,Colisión entre vehículos,Colisión entre vehículos,S/D,,Angulo,2,Recta,Intersección / cruce,,NO,,,,Apto,,,,,,,,,,Noche,SI,Sin Restricción,,Buena,,
165340,MUNICIPALIDAD DE CORRIENTES,2022-06-26,13:03:00,CORRIENTES,18,CAPITAL,21,CORRIENTES,Urbana,Avenida,AVENIDA RAÚL ALFONSÍN,4800,ARAOZ,,,,1,1,0,1,1,Colisión entre vehículos,Colisión entre vehículos,S/D,,,2,Recta,Intersección / cruce,,NO,,Hormigón,,Apto,Seca,,Ninguna,,,,S/D,S/D,S/D,Día,NO,Sin Restricción,Despejado,Buena,,Sin Semáforo
134853,SEGURIDAD VIAL,2022-06-26,12:38:00,CORRIENTES,18,CAPITAL,21,CORRIENTES,Urbana,Calle,COLOMBIA,1300,BROWN,,-2.747.401,-5.881.752,2,0,0,2,0,Colisión entre vehículos,Colisión entre vehículos,S/D,,,2,Recta,Intersección / cruce,,NO,,Asfalto,,Apto,Seca,,Ninguna,,,,S/D,S/D,S/D,Día,,Sin Restricción,Despejado,Buena,,Sin Semáforo
169154,MUNICIPALIDAD DE CORRIENTES,2022-06-26,6:00:00,CORRIENTES,18,CAPITAL,21,CORRIENTES,Urbana,Avenida,AVENIDA MAIPÚ,3600,VALPARAISO,,-2.749.729,-5.881.599,1,1,0,2,0,Colisión entre vehículos,Colisión entre vehículos,S/D,,,2,Recta,Intersección / cruce,,NO,,Asfalto,,Apto,Seca,,Cordón Divisorio,,,,No,No,No,Amanecer,SI,Sin Restricción,Despejado,Buena,,Sin Semáforo
141857,OBSERVATORIO VIAL,2022-06-25,9:10:00,CORRIENTES,18,CAPITAL,21,CORRIENTES,Urbana,Calle,CORDOBA,1500,3 DE abril,,,,0,1,0,1,0,Caída desde vehículo,Caída desde vehículo,S/D,,,1,Recta,Intersección / cruce,,NO,,Asfalto,,Apto,Seca,,Ninguna,,,,Si,Si,,Día,NO,Sin Restricción,Despejado,Buena,,Funciona
152054,OBSERVATORIO VIAL,2022-06-25,8:40:00,CORRIENTES,18,CAPITAL,21,,Urbana,Calle,LAPRIDA,,LAPIACE,,,,1,1,0,2,0,Colisión entre vehículos,Colisión entre vehículos,S/D,,,2,Recta,Intersección / cruce,,NO,,Asfalto,,Apto,Seca,,Ninguna,,,,S/D,S/D,S/D,Día,NO,Sin Restricción,Despejado,Buena,,Sin Semáforo
152103,OBSERVATORIO VIAL,2022-06-23,18:00:00,CORRIENTES,18,CAPITAL,21,,Urbana,,SAN MARTIN,,CATAMARCA,,,,1,1,0,2,0,Colisión entre vehículos,Colisión entre vehículos,S/D,,Angulo,2,Recta,Intersección / cruce,,,,Asfalto,,Apto,Seca,,Ninguna,,,,S/D,S/D,S/D,Día,NO,Sin Restricción,Despejado,Buena,,Sin Semáforo
171743,OBSERVATORIO VIAL,2022-06-23,17:59:00,CORRIENTES,18,CAPITAL,21,CORRIENTES,Urbana,Calle,BELGRANO,2100,BRASIL,,-2.747.329,-5.882.458,2,0,0,2,0,Colisión entre vehículos,Colisión entre vehículos,S/D,,Alcance,2,Recta,Intersección / cruce,,NO,,Asfalto,,Apto,"Despejada, Seca",,Ninguna,,,,Si,No,No,Día,NO,Congestionamiento,Despejado,Buena,,Sin Semáforo
174820,OBSERVATORIO VIAL,2022-06-23,19:10:00,CORRIENTES,18,CAPITAL,21,CORRIENTES,Urbana,Calle,SICILIA,4700,GRANADA,,-2.745.758,-5.878.847,1,1,0,2,0,Colisión entre vehículos,Colisión entre vehículos,,,Angulo,2,,Intersección / cruce,,,S/D,Ripio,,Apto,Seca,,Ninguna,,Ninguna,,No,No,No,Día,,,Despejado,,,Sin Semáforo
159884,MUNICIPALIDAD DE CORRIENTES,2022-06-22,19:25:00,CORRIENTES,18,CAPITAL,21,CORRIENTES,Urbana,Calle,TACUARÍ,2090,LAMADRID,,-2.748.542,-5.880.714,1,1,0,2,0,Colisión entre vehículos,Colisión entre vehículos,S/D,,Angulo,2,Recta,Intersección / cruce,,NO,,Hormigón,,Apto,"Despejada, Seca",,Ninguna,,,,S/D,S/D,S/D,Noche,SI,Sin Restricción,Despejado,Buena,,Sin Semáforo
164601,OBSERVATORIO VIAL,2022-06-22,16:30:00,CORRIENTES,18,CAPITAL,21,CORRIENTES,Urbana,Ruta Provincial,5,"2,5",FRENTE A STA RITA,,,,1,0,0,1,0,Vuelco (solo 1 participante),Vuelco (solo 1 participante),S/D,,,1,Recta,,RECTA,NO,,Asfalto,,Apto,"Despejada, Seca",,Ninguna,,,,Si,No,No,Día,NO,Sin Restricción,Despejado,Buena,,Sin Semáforo
165421,MUNICIPALIDAD DE CORRIENTES,2022-06-22,13:23:00,CORRIENTES,18,CAPITAL,21,CORRIENTES,Urbana,Calle,PLÁCIDO MARTÍNEZ,900,SALTA,,-2.746.176,-5.883.877,1,1,0,2,0,Colisión entre vehículos,Colisión entre vehículos,S/D,,Alcance,2,Recta,Intersección / cruce,,NO,,Asfalto,,Apto,Seca,,Barrera de Hormigón,,,,Si,Si,No,Día,SI,Sin Restricción,Nublado,Buena,,Funciona
148955,OBSERVATORIO VIAL,2022-06-22,17:30:00,CORRIENTES,18,CAPITAL,21,CORRIENTES,Urbana,Calle,GUASTAVINO,1600,LAVALLE,,,,2,1,0,2,0,Colisión entre vehículos,Colisión entre vehículos,S/D,,Lateral,2,Recta,Intersección / cruce,,NO,,Asfalto,,Apto,Seca,,Ninguna,,,,No,No,No,Día,NO,Sin Restricción,Despejado,Buena,,Sin Semáforo
171748,OBSERVATORIO VIAL,2022-06-21,17:52:00,CORRIENTES,18,CAPITAL,21,CORRIENTES,Urbana,Avenida,AVENIDA CHACABUCO,1000,AVENIDA CENTENARIO,,-2.747.117,-5.881.256,1,1,0,2,0,Colisión entre vehículos,Colisión entre vehículos,S/D,,Alcance,2,Recta,,,SI,,Asfalto,,Apto,"Despejada, Seca",,Cordón Divisorio,,,,Si,Si,No,Día,SI,Obra en Construcción,Despejado,Buena,,Funciona
139997,OBSERVATORIO VIAL,2022-06-20,21:10:00,CORRIENTES,18,CAPITAL,21,CORRIENTES,Urbana,Avenida,AV ALTA GRACIA,2800,AV STA CATALINA,,,,1,1,0,2,0,Colisión entre vehículos,Colisión entre vehículos,S/D,,Lateral,2,Recta,Intersección / cruce,,NO,,Asfalto,,Apto,Seca,,Ninguna,,,,Si,Si,No,Noche,SI,Sin Restricción,Despejado,Buena,,Sin Semáforo
156556,OBSERVATORIO VIAL,2022-06-20,18:50:00,CORRIENTES,18,CAPITAL,21,CORRIENTES,Urbana,Calle,CORDOBA,1300,BELGRANO,,-2.747.226,-5.883.513,2,0,0,2,0,Colisión entre vehículos,Colisión entre vehículos,S/D,,Lateral,2,Recta,Intersección / cruce,,NO,,Asfalto,,Apto,"Despejada, Seca",,Ninguna,,,,Si,Si,No,Noche,SI,Sin Restricción,Despejado,Buena,,Sin Semáforo
134866,MUNICIPALIDAD DE CORRIENTES,2022-06-20,13:40:00,CORRIENTES,18,CAPITAL,21,CORRIENTES,Urbana,Avenida,AV JUAN DE VERA,,ROCA,,,,1,1,0,2,0,Choque,Choque,S/D,,En calzada,2,Recta,Intersección / cruce,,NO,,Asfalto,,Apto,Seca,,,,,,,Si,No,Día,NO,Sin Restricción,Despejado,Buena,,
134045,DIRECCIÓN DE SEG VIAL,2022-06-20,12:45:00,CORRIENTES,18,CAPITAL,21,CORRIENTES,Urbana,Avenida,AV. INDEPENDENCIA,,LAS PIEDRAS,,,,0,1,0,1,0,Choque,Choque,S/D,,Columna,1,Recta,Intersección / cruce,,NO,,Hormigón,,Apto,Seca,,,,,,Si,,,Día,NO,Sin Restricción,Despejado,Buena,,Funciona
164617,MUNICIPALIDAD DE CORRIENTES,2022-06-20,11:20:00,CORRIENTES,18,CAPITAL,21,CORRIENTES,Urbana,Calle,ROCA,600,25 DE mayo,,-2.746.552,-5.882.207,1,1,0,2,0,Colisión entre vehículos,Colisión entre vehículos,S/D,,,2,Recta,,,NO,,Asfalto,,,,,,,,,,,,Día,NO,Sin Restricción,Despejado,Buena,,
134804,OBSERVATORIO VIAL,2022-06-20,7:05:00,CORRIENTES,18,CAPITAL,21,CORRIENTES,Urbana,Avenida,AV MAIPU,2400,,,,,1,1,0,2,0,Colisión entre vehículos,Colisión entre vehículos,S/D,,Lateral,2,Recta,,,NO,,Hormigón,,Apto,Seca,,Cordón Divisorio,,,,Si,No,No,Día,NO,Sin Restricción,Despejado,Buena,,Sin Semáforo