id_feu,unidad_regional,siniestro_fecha,siniestro_hora,provincia,id_provincia,departamento,id_departamento,localidad,zona_ocurrencia,via_publica,nombre_via,altura_km,entre_calle_1,entre_calle_2,latitud,longitud,ilesos,heridos,fallecidos,vehiculos,peatones,tipo_siniestro_multiple,tipo_siniestro_unico,despiste_previo,tipo_siniestro_otro,tipo_colision,cantidad_de_involucrados,trazado_via,configuracion_de_la_via,configuracion_de_la_via_otro_tipo,pendiente_declive,cono_de_vision,material_de_la_calzada,material_de_la_calzada_otro,estado_de_la_calzada,estado_fisico_ambiental,estado_de_conservacion_otro,division_fisica_de_la_via,division_fisica_de_la_via_otro,barreras_de_seguridad,banquinas,senalizacion_carteleria,senalizacion_horizontal,senalizacion_transitoria,luminosidad,luz_artificial,transito_restringido,estado_ambiental,visibilidad,visibilidad_otro,semaforo
161495,MUNICIPALIDAD DE CORRIENTES,2022-05-29,13:05:00,CORRIENTES,18,CAPITAL,21,CORRIENTES,Urbana,Calle,GUTEMBERG,1650,ISLAS MALVINAS,,-2.748.180,-5.883.206,1,1,0,2,0,Colisión entre vehículos,Colisión entre vehículos,S/D,,Angulo,2,Recta,Intersección / cruce,,NO,,Asfalto,,Apto,"Despejada, Seca",,,,,,,,,Día,NO,Sin Restricción,Despejado,Buena,,
134049,DIRECCIÓN DE SEG VIAL,2022-05-28,7:33:00,CORRIENTES,18,CAPITAL,21,CORRIENTES,Urbana,Calle,9 DE julio,,BUENOS AIRES,,-2.746.618,-5.884.047,1,1,0,2,0,Colisión entre vehículos,Colisión entre vehículos,S/D,,,2,Recta,Intersección / cruce,,NO,,Asfalto,,Apto,Seca,,,,,,No,No,No,Día,NO,Sin Restricción,Despejado,Buena,,Sin Semáforo
165422,MUNICIPALIDAD DE CORRIENTES,2022-05-28,14:25:00,CORRIENTES,18,CAPITAL,21,CORRIENTES,Urbana,Calle,SIMÓN BOLÍVAR,2500,ITUZAINGÓ,,,,2,0,0,2,0,Colisión entre vehículos,Colisión entre vehículos,S/D,,Angulo,2,Recta,Intersección / cruce,,SI,,Asfalto,,Apto,Seca,,,,,,Si,,,Día,SI,Sin Restricción,Nublado,Buena,,Sin Semáforo
157725,OBSERVATORIO VIAL,2022-05-27,11:15:00,CORRIENTES,18,CAPITAL,21,CORRIENTES,Urbana,Avenida,AV PEDRO FERRE,2880,,,,,5,0,0,3,0,Colisión entre vehículos,Colisión entre vehículos,S/D,,Lateral,3,Recta,,RECTA,NO,,Asfalto,,Apto,"Despejada, Seca",,Otro,PARTERRE,,,Si,Si,No,Día,NO,Sin Restricción,Despejado,Buena,,Funciona
163575,OBSERVATORIO VIAL,2022-05-27,10:00:00,CORRIENTES,18,CAPITAL,21,CORRIENTES,Urbana,Avenida,MEDRANO,3500,FRENTE JARDIN BOTANICO,,-2.749.963,-5.879.831,1,1,0,2,0,Colisión entre vehículos,Colisión entre vehículos,S/D,,,2,Recta,Intersección / cruce,,NO,,Hormigón,,Apto,Seca,,Cordón Divisorio,,,,No,No,,Día,NO,Sin Restricción,Despejado,Buena,,Sin Semáforo
164589,OBSERVATORIO VIAL,2022-05-27,8:32:00,CORRIENTES,18,CAPITAL,21,CORRIENTES,Urbana,Avenida,AV CHACABUCO,2100,,,,,2,0,0,2,0,Colisión entre vehículos,Colisión entre vehículos,S/D,,Lateral,2,Recta,Intersección / cruce,,NO,,Asfalto,,Apto,"Despejada, Seca",,Cordón Divisorio,,,,S/D,S/D,S/D,Día,NO,,Despejado,Buena,,Sin Semáforo
134048,MUNICIPALIDAD DE CORRIENTES,2022-05-25,16:35:00,CORRIENTES,18,CAPITAL,21,CORRIENTES,Urbana,Calle,DARDO ROCHA,200,REMEDIOS DE ESCALADA,,,,1,0,0,2,0,Colisión entre vehículos,Colisión entre vehículos,S/D,,,2,Recta,Intersección / cruce,,NO,,Asfalto,,Apto,Seca,,,,,,,,,Día,NO,Sin Restricción,Despejado,Buena,,
132632,MUNICIPALIDAD DE CORRIENTES,2022-05-24,16:37:00,CORRIENTES,18,CAPITAL,21,CORRIENTES,Urbana,Avenida,BUENOS AIRES,,AV. 3 DE ABRIL,,,,2,0,0,2,0,Colisión entre vehículos,Colisión entre vehículos,S/D,,Alcance,2,Recta,,,NO,,Hormigón,,Apto,Seca,,Ninguna,,,,Si,Si,,Día,NO,Sin Restricción,Despejado,Buena,,Funciona
139237,MUNICIPALIDAD DE CORRIENTES,2022-05-23,12:30:00,CORRIENTES,18,CAPITAL,21,CORRIENTES,Urbana,Calle,SANTA FE,1200,BOLIVAR,,,,1,1,0,2,0,Colisión entre vehículos,Colisión entre vehículos,S/D,,,2,Recta,Intersección / cruce,,NO,,Asfalto,,Apto,Seca,,,,,,Si,Si,No,Día,NO,Sin Restricción,Despejado,Buena,,Funciona
151225,OBSERVATORIO VIAL,2022-05-23,11:40:00,CORRIENTES,18,CAPITAL,21,CORRIENTES,Urbana,,SAN FRANCISCO DE ASIS,,YUGOSLAVIA,,,,1,2,0,2,0,Colisión entre vehículos,Colisión entre vehículos,S/D,,Angulo,2,Recta,Intersección / cruce,,NO,,Asfalto,,Apto,Seca,,Ninguna,,,,S/D,S/D,S/D,Día,NO,Sin Restricción,Despejado,Buena,,Sin Semáforo
152974,OBSERVATORIO VIAL,2022-05-23,11:45:00,CORRIENTES,18,,,,Urbana,Avenida,AV. TTE IBAÑEZ,,CORDOBA (LISANDRO SEGOVIA),,,,1,1,0,2,0,Colisión entre vehículos,Colisión entre vehículos,S/D,,Angulo,2,Recta,Intersección / cruce,,NO,,Asfalto,,Apto,Seca,,Cordón Divisorio,,,,Si,Si,No,Día,,Sin Restricción,Despejado,,,Sin Semáforo
151194,OBSERVATORIO VIAL,2022-05-22,11:24:00,CORRIENTES,18,,,,Urbana,Avenida,ROTONDA OESTE,,AV.INDEPENDENCIA,,,,2,0,0,2,0,Colisión entre vehículos,Colisión entre vehículos,S/D,,,2,Recta,Intersección / cruce,,NO,,Asfalto,,Apto,Seca,,,,,,S/D,S/D,S/D,Día,NO,Sin Restricción,Despejado,Buena,,Sin Semáforo
153890,OBSERVATORIO VIAL,2022-05-21,11:10:00,CORRIENTES,18,CAPITAL,21,CORRIENTES,Urbana,Avenida,AV. INDEPENDENCIA,3900,,,,,1,1,0,2,0,Colisión entre vehículos,Colisión entre vehículos,S/D,,,2,Recta,Intersección / cruce,,NO,,Asfalto,,Apto,Seca,,Cordón Divisorio,,,,S/D,S/D,S/D,Día,NO,Sin Restricción,Despejado,Buena,,
161497,MUNICIPALIDAD DE CORRIENTES,2022-05-21,15:45:00,CORRIENTES,18,CAPITAL,21,CORRIENTES,Urbana,Avenida,AVDA. COSTANERA GRAL. SAN MARTÍN,400,,,-2.746.584,-5.884.837,0,1,0,1,0,Caída desde vehículo,Caída desde vehículo,S/D,,,1,Recta,,,NO,,Asfalto,,Apto,Seca,,Ninguna,,,,,,,Día,NO,Sin Restricción,Despejado,Buena,,
141875,OBSERVATORIO VIAL,2022-05-21,13:02:00,CORRIENTES,18,CAPITAL,21,CORRIENTES,Urbana,Calle,GENERAL PAZ,,SAN LOPRENZO,,,,1,2,0,2,0,Colisión entre vehículos,Colisión entre vehículos,S/D,,,2,Recta,Intersección / cruce,,NO,,Asfalto,,Apto,Seca,,Ninguna,,,,No,No,No,Día,NO,Sin Restricción,Despejado,Buena,,Sin Semáforo
139972,OBSERVATORIO VIAL,2022-05-20,22:15:00,CORRIENTES,18,CAPITAL,21,CORRIENTES,Urbana,Avenida,AV MAIPU (FRENTE A CHANGO MAS),2803,,,,,1,1,0,1,0,Caída desde vehículo,Caída desde vehículo,S/D,,,1,Recta,Intersección / cruce,,,,Asfalto,,Apto,Seca,,Ninguna,,,,Si,Si,No,Noche,SI,Sin Restricción,Despejado,Buena,,Sin Semáforo
161553,OBSERVATORIO VIAL,2022-05-20,12:40:00,CORRIENTES,18,CAPITAL,21,,Urbana,Avenida,AV MAIPU,3091,,,,,0,3,0,2,0,Colisión entre vehículos,Colisión entre vehículos,S/D,,Angulo,2,Recta,Intersección / cruce,,NO,,Asfalto,,Apto,Seca,,Cordón Divisorio,,,,,,,Día,NO,Sin Restricción,Nublado,Buena,,Sin Semáforo
140971,OBSERVATORIO VIAL,2022-05-20,8:30:00,CORRIENTES,18,CAPITAL,21,CORRIENTES,Urbana,Avenida,AV. LA PAZ,,AV. MAIPU,,,,2,0,0,2,0,Colisión entre vehículos,Colisión entre vehículos,S/D,,,2,Recta,Intersección / cruce,,NO,,Asfalto,,Apto,Seca,,Ninguna,,,,S/D,S/D,S/D,Día,NO,Sin Restricción,Despejado,Buena,,Sin Semáforo
153809,OBSERVATORIO VIAL,2022-05-19,9:15:00,CORRIENTES,18,CAPITAL,21,CORRIENTES,Urbana,Calle,25 DE mayo,1500,SAN LORENZO,,,,2,0,0,2,0,Colisión entre vehículos,Colisión entre vehículos,S/D,,Lateral,2,Recta,,,NO,,Asfalto,,Apto,"Despejada, Seca",,Ninguna,,,,Si,Si,S/D,Día,NO,Sin Restricción,Despejado,Buena,,Sin Semáforo
167742,MUNICIPALIDAD DE CORRIENTES,2022-05-18,10:38:00,CORRIENTES,18,CAPITAL,21,CORRIENTES,Urbana,Avenida,AVENIDA PEDRO FERRÉ,2500,iTUZAINGÓ,,-2.747.768,-5.882.043,1,2,0,3,0,Colisión entre vehículos,Colisión entre vehículos,S/D,,,3,Recta,,,NO,,Asfalto,,Apto,,,,,,,No,Si,No,Día,NO,Sin Restricción,Despejado,Buena,,Sin Semáforo
157803,MUNICIPALIDAD DE CORRIENTES,2022-05-18,19:11:00,CORRIENTES,18,CAPITAL,21,CORRIENTES,Urbana,,CARLOS PELLEGRINI,,JUJUY,,-2.746.614,-5.882.769,2,,,2,,Colisión entre vehículos,Colisión entre vehículos,S/D,,Lateral,2,Recta,,,NO,,Asfalto,,Apto,Seca,,,,,,,,,Noche,SI,Sin Restricción,Despejado,Buena,,
168420,MUNICIPALIDAD DE CORRIENTES,2022-05-17,17:00:00,CORRIENTES,18,CAPITAL,21,CORRIENTES,Urbana,Calle,SUIZA,1400,RECONQUISTA,,-2.747.568,-5.881.273,1,2,0,2,0,Colisión entre vehículos,Colisión entre vehículos,S/D,,Angulo,2,Recta,Intersección / cruce,,NO,,Hormigón,,Apto,Despejada,,Ninguna,,,,S/D,S/D,S/D,Día,NO,Sin Restricción,Despejado,Buena,,Sin Semáforo
147088,OBSERVATORIO VIAL,2022-05-16,10:59:00,CORRIENTES,18,CAPITAL,21,,Urbana,Avenida,REPUBLICA EL LIBANO,,SARMIENTO,,,,2,0,0,2,0,Colisión entre vehículos,Colisión entre vehículos,S/D,,Angulo,2,Recta,Intersección / cruce,,NO,,Asfalto,,Apto,Seca,,Ninguna,,,,S/D,S/D,S/D,Día,NO,Sin Restricción,Despejado,Buena,,Sin Semáforo
156557,OBSERVATORIO VIAL,2022-05-16,22:30:00,CORRIENTES,18,CAPITAL,21,CORRIENTES,Urbana,Avenida,AV CENTENARIO,4000,,,-2.747.365,-5.880.263,2,1,0,2,0,Colisión entre vehículos,Colisión entre vehículos,S/D,,Lateral,2,Recta,,,NO,,Asfalto,,Apto,"Despejada, Seca",,,,,,Si,Si,S/D,Noche,SI,Sin Restricción,Despejado,Buena,,Sin Semáforo
152967,OBSERVATORIO VIAL,2022-05-16,6:10:00,CORRIENTES,18,CAPITAL,21,CORRIENTES,Urbana,Avenida,ROTONDA PUJOL,2100,,,,,0,1,0,1,0,Caída desde vehículo,Caída desde vehículo,S/D,,,1,Curva,Rotonda,,NO,,Asfalto,,Apto,"Despejada, Seca",,Ninguna,,,,Si,Si,No,Día,SI,Sin Restricción,Nublado,Buena,,Sin Semáforo
157808,MUNICIPALIDAD DE CORRIENTES,2022-05-15,19:00:00,CORRIENTES,18,CAPITAL,21,CORRIENTES,,Ruta Nacional,12,,FRENTE AL AEROPUERTO,,-2.745.185,-5.875.548,2,0,0,2,0,Colisión entre vehículos,Colisión entre vehículos,S/D,,Angulo,2,Recta,Intersección / cruce,,NO,,,,Apto,Seca,,Ninguna,,,,Si,,Si,Noche,SI,Obra en Construcción,Despejado,Buena,,Sin Semáforo
164620,MUNICIPALIDAD DE CORRIENTES,2022-05-14,10:15:00,CORRIENTES,18,CAPITAL,21,CORRIENTES,Urbana,Calle,MARIANO MORENO,1500,SAN LORENZO,,-2.747.363,-5.883.240,2,0,0,2,0,,,S/D,,,2,Recta,Intersección / cruce,,NO,,Asfalto,,Apto,"Despejada, Seca",,,,,,,,,Día,NO,Sin Restricción,Despejado,Buena,,
152942,OBSERVATORIO VIAL,2022-05-14,7:30:00,CORRIENTES,18,CAPITAL,21,CORRIENTES,Urbana,Avenida,AV IV CENTENARIO,2758,AV COLON,,-2.748.918,-5.883.813,1,1,0,1,0,Choque,Choque,S/D,,Otro,1,Recta,Intersección / cruce,,NO,,Asfalto,,Apto,Seca,,Cordón Divisorio,,,,Si,Si,S/D,Día,NO,Sin Restricción,Nublado,Buena,,Funciona
148186,OBSERVATORIO VIAL,2022-05-12,12:56:00,CORRIENTES,18,CAPITAL,21,,Urbana,,CAZADORES,,GAZCON,,,,1,1,0,2,0,Colisión entre vehículos,Colisión entre vehículos,S/D,,Angulo,2,Recta,Intersección / cruce,,NO,,Asfalto,,Apto,Seca,,Ninguna,,,,S/D,S/D,S/D,Día,NO,Sin Restricción,Despejado,Buena,,Sin Semáforo
152944,OBSERVATORIO VIAL,2022-05-11,10:40:00,CORRIENTES,18,CAPITAL,21,CORRIENTES,Urbana,Calle,AV PATAGONIA,3500,AV PAYSANDU,,-2.749.259,-5.882.438,1,0,0,1,0,Colisión entre vehículos,Colisión entre vehículos,S/D,,,1,Curva,Intersección / cruce,,NO,,Asfalto,,Apto,Seca,,Ninguna,,,,No,No,No,Día,NO,Sin Restricción,Nublado,Buena,,Sin Semáforo
137590,MUNICIPALIDAD DE CORRIENTES,2022-05-11,11:20:00,CORRIENTES,18,CAPITAL,21,CORRIENTES,Urbana,Calle,ESPAÑA,,3 DE abril,,,,3,0,0,2,0,Colisión entre vehículos,Colisión entre vehículos,S/D,,,2,Recta,Intersección / cruce,,NO,,Asfalto,,Apto,Seca,,,,,,,,,Día,NO,Sin Restricción,Despejado,Buena,,
175461,OBSERVATORIO VIAL,2022-05-10,9:35:00,CORRIENTES,18,CAPITAL,21,CORRIENTES,Urbana,Calle,ESPAÑA,700,QUINTANA,,,,1,1,0,2,0,Colisión entre vehículos,Colisión entre vehículos,,,,2,,Recta,,,,S/D,,Apto,Seca,,S/D,,S/D,,S/D,S/D,S/D,Día,,,Despejado,,,S/D
162785,MUNICIPALIDAD DE CORRIENTES,2022-05-09,6:20:00,CORRIENTES,18,CAPITAL,21,CORRIENTES,Urbana,Avenida,AVDA. MAIPÚ,6000,MOCORETÁ,,-2.751.322,-5.880.808,2,0,0,2,0,Colisión entre vehículos,Colisión entre vehículos,S/D,,Angulo,2,Recta,Intersección / cruce,,,,Asfalto,,Apto,"Despejada, Seca",,Cordón Divisorio,,,,No,No,S/D,Noche,SI,Sin Restricción,Despejado,Buena,,Sin Semáforo
171739,OBSERVATORIO VIAL,2022-05-09,13:20:00,CORRIENTES,18,CAPITAL,21,CORRIENTES,Urbana,Avenida,AVDA. MONTECARLO,4600,SAN FRANCISCO DE ASIS,,-2.749.403,-5.879.625,1,1,0,2,0,Colisión entre vehículos,Colisión entre vehículos,S/D,,,2,Recta,Intersección / cruce,,NO,,Asfalto,,Apto,"Despejada, Seca",,Barrera de Hormigón,,,,Si,No,No,Día,SI,Sin Restricción,Despejado,Buena,,Sin Semáforo
175471,OBSERVATORIO VIAL,2022-05-09,12:46:00,CORRIENTES,18,CAPITAL,21,CORRIENTES,Urbana,Avenida,AVENIDA AYACUCHO,3200,,,,,3,0,0,3,0,Colisión entre vehículos,Colisión entre vehículos,,,Multiple,3,,Intersección / cruce,,,No obstruido,Asfalto,,Apto,Seca,,Ninguna,,Ninguna,,Si,Si,No,Día,,,Despejado,,,Funciona
139968,OBSERVATORIO VIAL,2022-05-09,12:23:00,CORRIENTES,18,CAPITAL,21,CORRIENTES,Urbana,Calle,SANTA FE,1400,MORENO,,,,1,1,0,2,0,Colisión entre vehículos,Colisión entre vehículos,S/D,,Lateral,2,Recta,Intersección / cruce,,NO,,Asfalto,,Apto,Seca,,Ninguna,,,,Si,Si,No,Día,NO,Sin Restricción,Despejado,Buena,,Funciona
156524,OBSERVATORIO VIAL,2022-05-09,16:35:00,CORRIENTES,18,CAPITAL,21,CORRIENTES,Urbana,Calle,NEUQUEN,1000,,,,,1,1,0,2,0,Colisión entre vehículos,Colisión entre vehículos,S/D,,Angulo,2,Recta,Intersección / cruce,,NO,,Ripio,,Apto,Seca,,Ninguna,,,,S/D,S/D,S/D,Día,NO,Sin Restricción,Despejado,Buena,,Sin Semáforo
160651,MUNICIPALIDAD DE CORRIENTES,2022-05-09,13:15:00,CORRIENTES,18,CAPITAL,21,CORRIENTES,Urbana,Avenida,AVDA. MAIPÚ,3500,LOS MATACOS,,-2.750.367,-5.881.213,0,1,0,1,0,Caída desde vehículo,Caída desde vehículo,S/D,,,1,Recta,,,NO,,Asfalto,,,Seca,,,,,,,,,Día,SI,Sin Restricción,Despejado,Buena,,
175449,OBSERVATORIO VIAL,2022-05-08,20:20:00,CORRIENTES,18,CAPITAL,21,CORRIENTES,Urbana,Avenida,AV CENTENARIO,4700,ONTIVERO,,,,2,1,,3,,Colisión entre vehículos,Colisión entre vehículos,,,Angulo,3,,Recta,,,,Asfalto,,Apto,Seca,,,,,,S/D,S/D,S/D,Día,,,Despejado,,,S/D
142694,OBSERVATORIO VIAL,2022-05-08,15:40:00,CORRIENTES,18,CAPITAL,21,CORRIENTES,Urbana,Avenida,AV PEDRO FERRE,1800,PARAGUA,,,,2,0,0,2,0,Colisión entre vehículos,Colisión entre vehículos,S/D,,Lateral,2,Recta,Intersección / cruce,,NO,,Asfalto,,Apto,"Despejada, Seca",,Cordón Divisorio,,,,Si,Si,No,Día,NO,Sin Restricción,Despejado,Buena,,Funciona
169864,OBSERVATORIO VIAL,2022-05-08,11:05:00,CORRIENTES,18,CAPITAL,21,CORRIENTES,Urbana,Calle,LORETO,5000,RENACIMIENTO,,,,3,0,0,2,0,Colisión entre vehículos,Colisión entre vehículos,S/D,,Angulo,2,Recta,Intersección / cruce,,NO,,Tierra,,Apto,Seca,,Ninguna,,,,No,No,No,Día,NO,Sin Restricción,Despejado,Buena,,Sin Semáforo
152056,OBSERVATORIO VIAL,2022-05-08,12:20:00,CORRIENTES,18,CAPITAL,21,CORRIENTES,Urbana,,CARLOS PELLEGRINI,,SAN LUIS,,,,0,1,0,1,0,Despiste,Despiste,Si,,,1,Recta,Intersección / cruce,,NO,,Asfalto,,Apto,Seca,,Ninguna,,,,S/D,S/D,S/D,Día,NO,Sin Restricción,Despejado,Buena,,Sin Semáforo
156559,OBSERVATORIO VIAL,2022-05-08,13:37:00,CORRIENTES,18,CAPITAL,21,CORRIENTES,Urbana,Avenida,AV MAIPU,2440,,,,,1,1,0,2,0,Colisión entre vehículos,Colisión entre vehículos,S/D,,Lateral,2,Recta,Intersección / cruce,,NO,,Asfalto,,Apto,"Despejada, Seca",,Ninguna,,,,S/D,S/D,S/D,Día,NO,Sin Restricción,Despejado,Buena,,Sin Semáforo
139262,OBSERVATORIO VIAL,2022-05-07,15:59:00,CORRIENTES,18,CAPITAL,21,CORRIENTES,Urbana,Avenida,AV LIBERTAD,5000,AV . J. R. FERNANDEZ,,,,2,0,0,2,0,Colisión entre vehículos,Colisión entre vehículos,S/D,,Lateral,2,Recta,Intersección / cruce,,NO,,Asfalto,,Apto,Seca,,Ninguna,,,,Si,Si,No,Día,NO,Sin Restricción,Despejado,Buena,,Funciona
139937,OBSERVATORIO VIAL,2022-05-07,18:45:00,CORRIENTES,18,CAPITAL,21,CORRIENTES,Urbana,Avenida,AV LIBERTAD,6700,RUTA 12,,,,1,1,0,2,0,Colisión entre vehículos,Colisión entre vehículos,S/D,,Lateral,2,Recta,Intersección / cruce,,NO,,Asfalto,,Apto,Seca,,Cordón Divisorio,,,,Si,Si,No,Día,NO,Sin Restricción,Despejado,Buena,,Sin Semáforo
169849,MUNICIPALIDAD DE CORRIENTES,2022-05-07,7:50:00,CORRIENTES,18,CAPITAL,21,CORRIENTES,Urbana,Avenida,LAS HERAS,1800,FRAY JUSTO SANTA MARIA DE ORO,,-2.748.250,-5.881.978,1,2,0,2,0,Colisión entre vehículos,Colisión entre vehículos,S/D,,Angulo,2,Recta,Intersección / cruce,,NO,,Tierra,,Apto,"Despejada, Seca",,Ninguna,,,,No,No,No,Día,NO,Sin Restricción,Despejado,Buena,,
145170,OBSERVATORIO VIAL,2022-05-06,7:58:00,CORRIENTES,18,CAPITAL,21,CORRIENTES,Urbana,Calle,25 DE mayo,,COSTANERA,,,,1,1,0,2,0,Colisión entre vehículos,Colisión entre vehículos,S/D,,,2,Recta,Intersección / cruce,,NO,,Asfalto,,Apto,Seca,,Ninguna,,,,S/D,Si,Si,Día,NO,Sin Restricción,Despejado,Buena,,Sin Semáforo
152940,OBSERVATORIO VIAL,2022-05-05,16:45:00,CORRIENTES,18,CAPITAL,21,CORRIENTES,Urbana,Avenida,AV CAZADORES CORRENTINOS,3100,SAAVEDRA,,,,2,0,0,2,0,Colisión entre vehículos,Colisión entre vehículos,S/D,,Lateral,2,Recta,Intersección / cruce,,NO,,Asfalto,,Apto,"Despejada, Seca",,Cordón Divisorio,,,,No,No,S/D,Día,NO,Sin Restricción,Despejado,Buena,,Sin Semáforo
152963,OBSERVATORIO VIAL,2022-05-05,10:40:00,CORRIENTES,18,CAPITAL,21,CORRIENTES,Urbana,Calle,RIOJA,1000,RIVADAVIA,,-2.747.422,-5.883.878,2,0,0,2,0,Colisión entre vehículos,Colisión entre vehículos,S/D,,Angulo,2,Recta,Intersección / cruce,,NO,,Asfalto,,Apto,Despejada,,Ninguna,,,,Si,Si,No,Día,NO,Sin Restricción,Despejado,Buena,,Sin Semáforo
169848,MUNICIPALIDAD DE CORRIENTES,2022-05-03,12:15:00,CORRIENTES,18,CAPITAL,21,CORRIENTES,Rural,Ruta Nacional,12,12,ROTONDA DE LA VIRGEN DE ITATÍ,,-2.748.391,-5.878.235,1,3,0,2,0,Colisión entre vehículos,Colisión entre vehículos,S/D,,Angulo,2,Curva,Intersección / cruce,,NO,,Asfalto,,Apto,Despejada,,Cordón Divisorio,,,,,Si,,Día,NO,Sin Restricción,Despejado,Buena,,Sin Semáforo
142699,OBSERVATORIO VIAL,2022-05-03,12:29:00,CORRIENTES,18,CAPITAL,21,CORRIENTES,Urbana,Avenida,AV INDEENDENCIA,3600,GUEMES,,,,2,0,0,2,0,Colisión entre vehículos,Colisión entre vehículos,S/D,,Lateral,2,Recta,Intersección / cruce,,NO,,Asfalto,,Apto,"Despejada, Seca",,Cordón Divisorio,,,,Si,Si,No,Día,NO,Sin Restricción,Despejado,Buena,,Funciona
160645,MUNICIPALIDAD DE CORRIENTES,2022-05-02,14:45:00,CORRIENTES,18,CAPITAL,21,CORRIENTES,Urbana,Calle,MEDRANO,S/D,SAN FRANCISCO DE ASÍS,,,,1,1,0,2,0,Colisión entre vehículos,Colisión entre vehículos,S/D,,Angulo,2,Recta,Intersección / cruce,,NO,,Asfalto,,Apto,Seca,,,,,,,,,Día,SI,Sin Restricción,Despejado,Buena,,
174618,Observatorio Vial,2022-04-30,5:50:00,CORRIENTES,18,CAPITAL,21,CORRIENTES,Urbana,Avenida,AV. MAIPU,1275,Los Alpes,,,,0,0,1,1,0,Caída desde vehículo,Caída desde vehículo,,,,1,,Intersección / cruce,,,No obstruido,Asfalto,,Apto,Seca,,Ninguna,,Asfalto,,Si,,,Noche,NO,,Despejado,,,Sin Semáforo
133405,DIREC. DE SEGURIDAD VIAL,2022-04-30,19:45:00,CORRIENTES,18,CAPITAL,21,CORRIENTES,Urbana,Calle,BONASTRE,,RIO NEGRO,,,,2,1,0,2,0,Colisión entre vehículos,Colisión entre vehículos,S/D,,Alcance,2,Recta,,,,,Hormigón,,Apto,Seca,,,,,,,,,Atardecer,SI,Sin Restricción,Despejado,Buena,,
140963,OBSERVATORIO VIAL,2022-04-30,5:30:00,CORRIENTES,18,CAPITAL,21,CORRIENTES,Urbana,Ruta Provincial,5,"1, 1/2",,,,,1,0,0,1,0,"Colisión entre vehículos, Vuelco (solo 1 participante)",Colisión entre vehículos,S/D,,,1,Recta,,RECTA,NO,,Asfalto,,Apto,"Despejada, Seca",,Ninguna,,,,Si,Si,No,Día,SI,,Despejado,Buena,,Sin Semáforo
163579,OBSERVATORIO VIAL,2022-04-29,19:00:00,CORRIENTES,18,CAPITAL,21,CORRIENTES,Urbana,Calle,AV ARTIGAS,1100,BOLIVAR,,-2.747.270,-5.881.887,2,0,0,2,0,Colisión entre vehículos,Colisión entre vehículos,S/D,,Angulo,2,Recta,Intersección / cruce,,NO,,Asfalto,,Apto,Seca,,Ninguna,,,,S/D,S/D,S/D,Noche,NO,Sin Restricción,Despejado,Buena,,Sin Semáforo
164579,OBSERVATORIO VIAL,2022-04-29,18:00:00,CORRIENTES,18,CAPITAL,21,CORRIENTES,Urbana,Avenida,AV CHACABUCO,1700,LAVALLE,,,,1,1,0,2,0,Colisión entre vehículos,Colisión entre vehículos,S/D,,Lateral,2,Recta,Intersección / cruce,,NO,,Asfalto,,Apto,"Despejada, Seca",,Cordón Divisorio,,,,Si,Si,No,Día,NO,Sin Restricción,Despejado,Buena,,Sin Semáforo
142696,OBSERVATORIO VIAL,2022-04-29,14:53:00,CORRIENTES,18,CAPITAL,21,CORRIENTES,Urbana,Avenida,PATAGONIA,1900,BONASTRE,,,,0,1,0,1,0,Caída desde vehículo,Caída desde vehículo,S/D,,,1,Recta,Intersección / cruce,,NO,,Asfalto,,Apto,"Despejada, Seca",,Cordón Divisorio,,,,S/D,S/D,S/D,Día,NO,Sin Restricción,Despejado,Buena,,Sin Semáforo
160642,MUNICIPALIDAD DE CORRIENTES,2022-04-28,11:35:00,CORRIENTES,18,CAPITAL,21,CORRIENTES,Urbana,Avenida,AVDA SANTA CATALINA,3255,LOS GUARANÍES,,-2.750.650,-5.882.240,1,1,0,2,0,Colisión entre vehículos,Colisión entre vehículos,S/D,,,2,Recta,Intersección / cruce,,NO,,Asfalto,,Apto,Seca,,Ninguna,,,,Si,Si,No,Día,NO,Sin Restricción,Despejado,Buena,,Sin Semáforo