id_feu,unidad_regional,siniestro_fecha,siniestro_hora,provincia,id_provincia,departamento,id_departamento,localidad,zona_ocurrencia,via_publica,nombre_via,altura_km,entre_calle_1,entre_calle_2,latitud,longitud,ilesos,heridos,fallecidos,vehiculos,peatones,tipo_siniestro_multiple,tipo_siniestro_unico,despiste_previo,tipo_siniestro_otro,tipo_colision,cantidad_de_involucrados,trazado_via,configuracion_de_la_via,configuracion_de_la_via_otro_tipo,pendiente_declive,cono_de_vision,material_de_la_calzada,material_de_la_calzada_otro,estado_de_la_calzada,estado_fisico_ambiental,estado_de_conservacion_otro,division_fisica_de_la_via,division_fisica_de_la_via_otro,barreras_de_seguridad,banquinas,senalizacion_carteleria,senalizacion_horizontal,senalizacion_transitoria,luminosidad,luz_artificial,transito_restringido,estado_ambiental,visibilidad,visibilidad_otro,semaforo
160684,MUNICIPALIDAD DE CORRIENTES,2022-04-28,9:30:00,CORRIENTES,18,CAPITAL,21,CORRIENTES,Urbana,Avenida,J. R. FERNÁNDEZ,5000,ARMENIA,,-2.746.666,-5.878.993,2,0,0,2,0,Colisión entre vehículos,Colisión entre vehículos,S/D,,,2,Recta,Intersección / cruce,,NO,,Asfalto,,Apto,Seca,,,,,,,,,Día,NO,,Despejado,Buena,,
158362,MUNICIPALIDAD DE CORRIENTES,2022-04-28,8:10:00,CORRIENTES,18,CAPITAL,21,CORRIENTES,Urbana,Calle,SÁNCHEZ DE BUSTAMANTE,2300,,,,,1,2,0,2,0,Colisión entre vehículos,Colisión entre vehículos,S/D,,,2,Recta,Intersección / cruce,,NO,,Asfalto,,Apto,Seca,,,,,,,,,Día,NO,Sin Restricción,Despejado,Buena,,
142757,OBSERVATORIO VIAL,2022-04-28,22:30:00,CORRIENTES,18,CAPITAL,21,CORRIENTES,Urbana,Avenida,CAZADORES CORRENTINOS,3365,,,,,1,0,0,2,0,Choque,Choque,S/D,,En calzada,2,Recta,,,,,Hormigón,,Apto,"Despejada, Seca",,Cordón Divisorio,,,,No,No,No,Noche,SI,Sin Restricción,Nublado,,,Sin Semáforo
139942,OBSERVATORIO VIAL,2022-04-27,10:54:00,CORRIENTES,18,CAPITAL,21,CORRIENTES,Urbana,Avenida,AV INDEPENDENCIA,3600,TACUARI,,,,2,1,0,3,0,Colisión entre vehículos,Colisión entre vehículos,S/D,,Lateral,3,Recta,Intersección / cruce,,NO,,Asfalto,,Apto,Seca,,Cordón Divisorio,,,,Si,Si,No,Día,NO,Sin Restricción,Despejado,Buena,,Funciona
169866,MUNICIPALIDAD DE CORRIENTES,2022-04-26,23:15:00,CORRIENTES,18,CAPITAL,21,CORRIENTES,Urbana,Avenida,AVENIDA PAISANDU,2254,COSQUÍN,,-2.749.474,-5.882.471,2,1,0,2,0,Colisión entre vehículos,Colisión entre vehículos,S/D,,Frontal,2,Recta,Intersección / cruce,,NO,,Asfalto,,Apto,Seca,,,,,,No,Si,No,Noche,SI,Sin Restricción,Despejado,Buena,,Sin Semáforo
135576,MUNICIPALIDAD DE CORRIENTES,2022-04-25,6:45:00,CORRIENTES,18,CAPITAL,21,CORRIENTES,Urbana,Calle,PARAGUAY,1900,,,,,1,0,0,1,0,Caída desde vehículo,Caída desde vehículo,S/D,,,1,Recta,Intersección / cruce,,NO,,Asfalto,,Apto,Seca,,,,,,,,,Día,NO,Sin Restricción,Despejado,Buena,,
137581,MUNICIPALIDAD DE CORRIENTES,2022-04-25,8:30:00,CORRIENTES,18,CAPITAL,21,CORRIENTES,Urbana,Calle,SAN LUIS,1200,BOLIVAR,,,,1,2,0,2,0,Colisión entre vehículos,Colisión entre vehículos,S/D,,Angulo,2,Recta,Intersección / cruce,,NO,,Asfalto,,Apto,Seca,,Ninguna,,,,S/D,S/D,S/D,Día,NO,Sin Restricción,Despejado,Buena,,Sin Semáforo
142753,OBSERVATORIO VIAL,2022-04-25,15:30:00,CORRIENTES,18,CAPITAL,21,CORRIENTES,Urbana,Ruta Nacional,12,1035,FRENTE AL AEROPUERTO,,,,2,0,0,2,0,Colisión entre vehículos,Colisión entre vehículos,S/D,,Alcance,2,Recta,Intersección / cruce,,NO,,Asfalto,,Apto,"Despejada, Seca",,Ninguna,,,,S/D,S/D,S/D,Día,SI,Sin Restricción,Despejado,Buena,,Sin Semáforo
166823,MUNICIPALIDAD DE CORRIENTES,2022-04-24,8:05:00,CORRIENTES,18,CAPITAL,21,CORRIENTES,Urbana,Calle,MENDOZA,1468,,,-2.747.403,-5.883.635,3,0,0,3,0,"Choque, Colisión entre vehículos",Colisión entre vehículos,S/D,,,3,Curva,,,NO,,Asfalto,,Apto,Seca,,,,,,S/D,Si,S/D,Día,NO,Sin Restricción,Despejado,Buena,,
146715,OBSERVATORIO VIAL,2022-04-24,15:15:00,CORRIENTES,18,CAPITAL,21,,Urbana,Calle,CATARMARCA,,BELGRANO,,,,1,1,0,2,0,Colisión entre vehículos,Colisión entre vehículos,S/D,,Angulo,2,Recta,Intersección / cruce,,NO,,Asfalto,,Apto,,,Ninguna,,,,S/D,S/D,S/D,Día,NO,Sin Restricción,Lluvia,Lluvia,,Sin Semáforo
159930,OBSERVATORIO VIAL,2022-04-24,13:50:00,CORRIENTES,18,CAPITAL,21,CORRIENTES,Urbana,,AYACUCHO,,COLONIA,,,,1,1,0,2,0,Colisión entre vehículos,Colisión entre vehículos,S/D,,,2,Recta,Intersección / cruce,,NO,,Asfalto,,Apto,Despejada,,Ninguna,,,,S/D,S/D,S/D,Día,NO,Sin Restricción,Despejado,Buena,,Sin Semáforo
138508,MUNICIPALIDAD DE CORRIENTES,2022-04-23,6:50:00,CORRIENTES,18,CAPITAL,21,CORRIENTES,Urbana,Avenida,AV. FERRE,,PARAGUAY,,,,1,0,0,1,0,Caída desde vehículo,Caída desde vehículo,S/D,,,1,Recta,Intersección / cruce,,NO,,Asfalto,,Apto,Seca,,,,,,Si,Si,No,Día,NO,Sin Restricción,Despejado,Buena,,Funciona
156555,OBSERVATORIO VIAL,2022-04-22,18:00:00,CORRIENTES,18,CAPITAL,21,CORRIENTES,Urbana,Ruta Nacional,12,1035,FRENTE AL AEROPUERTO,CALLE 27,-2.745.192,-5.875.533,2,0,0,2,0,Colisión entre vehículos,Colisión entre vehículos,S/D,,Alcance,2,Recta,Intersección / cruce,,NO,,Asfalto,,Apto,"Despejada, Seca",,Ninguna,,,,S/D,S/D,S/D,Atardecer,NO,Sin Restricción,Nublado,Buena,,Sin Semáforo
175452,OBSERVATORIO VIAL,2022-04-21,6:15:00,CORRIENTES,18,CAPITAL,21,CORRIENTES,Urbana,Calle,9 DE julio,800,ROCA,,,,0,1,,1,,Despeñamiento,Despeñamiento,,,,1,,Recta,,,,,,Apto,Seca,,Otro,,Asfalto,,Si,Si,No,Día,,,Despejado,,,S/D
137584,MUNICIPALIDAD DE CORRIENTES,2022-04-21,11:45:00,CORRIENTES,18,CAPITAL,21,CORRIENTES,Urbana,Calle,QUINTANA,1078,,,,,2,0,0,2,0,Colisión entre vehículos,Colisión entre vehículos,S/D,,,2,Recta,Intersección / cruce,,NO,,Asfalto,,Apto,Seca,,Ninguna,,,,,,,Día,NO,Sin Restricción,Despejado,Buena,,
157741,OBSERVATORIO VIAL,2022-04-20,13:36:00,CORRIENTES,18,CAPITAL,21,CORRIENTES,Urbana,Avenida,AV INDEPENDENCIA,4200,RIO JURAMENTO,,,,1,1,0,2,0,Choque,Choque,S/D,,En calzada,2,Recta,,RECTA,NO,,Asfalto,,Apto,"Despejada, Seca",,Cordón Divisorio,,,,S/D,S/D,S/D,Día,NO,Sin Restricción,Despejado,Buena,,Sin Semáforo
169869,MUNICIPALIDAD DE CORRIENTES,2022-04-20,12:15:00,CORRIENTES,18,CAPITAL,21,CORRIENTES,Urbana,Avenida,AVENIDA JUAN PUJOL,2140,,,-2.746.672,-5.882.229,1,1,0,2,0,Colisión entre vehículos,Colisión entre vehículos,S/D,,,2,Recta,Intersección / cruce,,NO,,Hormigón,,Apto,Seca,,Ninguna,,,,No,Si,No,Día,SI,,Despejado,Buena,,Sin Semáforo
136373,MUNICIPALIDAD DE CORRIENTES,2022-04-20,13:27:00,CORRIENTES,18,CAPITAL,21,CORRIENTES,Urbana,Avenida,INDEPENDENCIA,4700,,,,,2,0,0,2,0,Colisión entre vehículos,Colisión entre vehículos,S/D,,Alcance,2,Recta,Intersección / cruce,,NO,,Asfalto,,Apto,Seca,,,,,,Si,Si,No,Día,NO,Sin Restricción,Despejado,Buena,,Funciona
146725,OBSERVATORIO VIAL,2022-04-20,13:18:00,CORRIENTES,18,CAPITAL,21,,,Avenida,AV MAIPU,1600,,,,,1,1,0,2,0,Colisión entre vehículos,Colisión entre vehículos,S/D,,Angulo,2,Recta,Intersección / cruce,,NO,,Asfalto,,Apto,Seca,,Ninguna,,,,S/D,S/D,S/D,Día,NO,Sin Restricción,Despejado,Buena,,Sin Semáforo
147090,OBSERVATORIO VIAL,2022-04-20,15:50:00,CORRIENTES,18,CAPITAL,21,,Urbana,,MEDRANO,,RAUL ALFONSIN,,,,2,0,0,2,0,Colisión entre vehículos,Colisión entre vehículos,S/D,,Alcance,2,Recta,Intersección / cruce,,NO,,Asfalto,,Apto,Despejada,,,,,,S/D,S/D,S/D,Día,NO,Sin Restricción,Despejado,Buena,,Funciona
153906,OBSERVATORIO VIAL,2022-04-19,14:20:00,CORRIENTES,18,CAPITAL,21,CORRIENTES,Urbana,,DOMINICANA,,CENTENARIO,,,,2,0,0,2,0,Colisión entre vehículos,Colisión entre vehículos,S/D,,Angulo,2,Recta,Intersección / cruce,,NO,,Asfalto,,Apto,Seca,,Ninguna,,,,S/D,S/D,S/D,Día,NO,Sin Restricción,Despejado,Buena,,Sin Semáforo
135574,DIRECCIÓN DE SEGURIDAD VIAL,2022-04-19,12:13:00,CORRIENTES,18,CAPITAL,21,CORRIENTES,Urbana,Calle,BELGRANO,,CÓRDOBA,,,,2,0,0,2,0,Choque,Choque,S/D,,,2,Recta,Intersección / cruce,,,,Asfalto,,Apto,Seca,,Ninguna,,,,,,,Día,NO,Sin Restricción,Despejado,Buena,,
142732,OBSERVATORIO VIAL,2022-04-18,15:15:00,CORRIENTES,18,CAPITAL,21,CORRIENTES,Urbana,Calle,LISANDRO SEGOVIA,1700,,,,,3,0,0,3,0,Colisión entre vehículos,Colisión entre vehículos,S/D,,Alcance,3,Recta,Intersección / cruce,,SI,,Asfalto,,Apto,Seca,,Ninguna,,,,S/D,S/D,S/D,Día,NO,Sin Restricción,Despejado,Buena,,Sin Semáforo
152972,OBSERVATORIO VIAL,2022-04-18,20:15:00,CORRIENTES,18,,,,Urbana,Avenida,AV PUJOL,,SANTA FE,,,,0,1,0,1,0,Caída desde vehículo,Caída desde vehículo,S/D,,,1,Recta,Intersección / cruce,,NO,,Asfalto,,Apto,Seca,,Cordón Divisorio,,,,S/D,S/D,S/D,Noche,SI,Sin Restricción,Despejado,Buena,,Sin Semáforo
164600,OBSERVATORIO VIAL,2022-04-16,8:11:00,CORRIENTES,18,CAPITAL,21,CORRIENTES,Urbana,Avenida,AV MAIPU,3204,,,,,1,1,0,2,0,Colisión entre vehículos,Colisión entre vehículos,S/D,,Lateral,2,Recta,Intersección / cruce,,NO,,Asfalto,,Apto,"Despejada, Seca",,Cordón Divisorio,,,,S/D,S/D,S/D,Día,NO,Sin Restricción,Despejado,Buena,,Sin Semáforo
152047,OBSERVATORIO VIAL,2022-04-16,21:30:00,CORRIENTES,18,CAPITAL,21,CORRIENTES,Urbana,Calle,CASTELLI,,CARTAGENA,,,,0,2,0,2,0,Colisión entre vehículos,Colisión entre vehículos,S/D,,,2,Recta,Intersección / cruce,,NO,,Asfalto,,Apto,Seca,,Ninguna,,,,S/D,S/D,S/D,Noche,SI,Sin Restricción,Despejado,Buena,,Sin Semáforo
169887,MUNICIPALIDAD DE CORRIENTES,2022-04-14,8:10:00,CORRIENTES,18,CAPITAL,21,CORRIENTES,Urbana,Avenida,AVENIDA LIBERTAD,4900,AVENIDA J.R. FERNÁNDEZ,,-2.746.662,-5.878.994,0,1,0,0,1,Caída desde vehículo,Caída desde vehículo,S/D,,,1,Recta,Intersección / cruce,,NO,,Asfalto,,Apto,,,,,,,Si,Si,No,Día,NO,Sin Restricción,Despejado,Buena,,Funciona
134801,OBSERVATORIO VIAL,2022-04-14,11:55:00,CORRIENTES,18,CAPITAL,21,CORRIENTES,Urbana,Avenida,AV MAIPU,300,BELTRAN,,-2.747.997,-5.882.859,2,0,0,2,0,Colisión entre vehículos,Colisión entre vehículos,S/D,,Lateral,2,Recta,Intersección / cruce,,NO,,Asfalto,,Apto,Seca,,Cordón Divisorio,,,,Si,No,No,Día,NO,Sin Restricción,Despejado,Buena,,Sin Semáforo
152982,OBSERVATORIO VIAL,2022-04-14,7:52:00,CORRIENTES,18,CAPITAL,21,CORRIENTES,Urbana,Avenida,AV PUJOL,,PERU,,,,1,0,0,1,0,Caída desde vehículo,Caída desde vehículo,S/D,,,1,Recta,Intersección / cruce,,NO,,Asfalto,,Apto,Despejada,,,,,,S/D,S/D,S/D,Día,NO,Sin Restricción,Despejado,Buena,,Sin Semáforo
166848,MUNICIPALIDAD DE CORRIENTES,2022-04-14,8:15:00,CORRIENTES,18,CAPITAL,21,CORRIENTES,Urbana,Calle,CÓRDOBA,1400,MORENO,,-2.747.340,-5.883.507,1,2,0,2,0,Colisión entre vehículos,Colisión entre vehículos,S/D,,Angulo,2,Recta,Intersección / cruce,,NO,,Hormigón,,Apto,Despejada,,Ninguna,,,,,,,Día,NO,Sin Restricción,"Despejado, Viento",Buena,,Sin Semáforo
162782,MUNICIPALIDAD DE CORRIENTES,2022-04-14,13:20:00,CORRIENTES,18,CAPITAL,21,CORRIENTES,Urbana,Avenida,AVDA INDEPENDENCIA,4600,,,-2.748.211,-5.879.676,1,2,0,2,0,Despiste,Despiste,Si,,,2,Recta,,,NO,,Asfalto,,Apto,Seca,,Barrera de Hormigón,,,,Si,Si,,,SI,Sin Restricción,Despejado,Buena,,
160646,MUNICIPALIDAD DE CORRIENTES,2022-04-13,0:45:00,CORRIENTES,18,CAPITAL,21,CORRIENTES,Urbana,Calle,SANTA FE,1090,SAN MARTÍN,,-2.747.039,-5.883.071,1,0,1,2,0,Choque,Choque,S/D,,En calzada,2,Recta,Intersección / cruce,,NO,,,,Apto,Despejada,,Cordón Divisorio,,,,,,,Noche,SI,Sin Restricción,Despejado,,,Intermitente
148210,OBSERVATORIO VIAL,2022-04-13,20:32:00,CORRIENTES,18,CAPITAL,21,,Urbana,,CHACABUCO,,BOLIVAR,,,,1,1,0,2,0,Colisión entre vehículos,Colisión entre vehículos,S/D,,Angulo,2,Recta,Intersección / cruce,,NO,,Asfalto,,Apto,Mojada,,Ninguna,,,,S/D,S/D,S/D,Noche,SI,Sin Restricción,Lluvia,Lluvia,,Sin Semáforo
151166,OBSERVATORIO VIAL,2022-04-12,8:08:00,CORRIENTES,18,CAPITAL,21,CORRIENTES,Urbana,Calle,NICARAGUA,3800,CORINTO,,,,1,3,0,2,0,Colisión entre vehículos,Colisión entre vehículos,S/D,,Lateral,2,Recta,Intersección / cruce,,NO,,Asfalto,,Apto,"Despejada, Seca",,Ninguna,,,,Si,Si,No,Día,NO,Sin Restricción,Despejado,Buena,,Sin Semáforo
137578,MUNICIPALIDAD DE CORRIENTES,2022-04-11,8:45:00,CORRIENTES,18,CAPITAL,21,CORRIENTES,Urbana,Avenida,AV. TTE IBAÑEZ,,GUASTAVINO,,,,2,0,0,2,0,Colisión entre vehículos,Colisión entre vehículos,S/D,,,2,Recta,Intersección / cruce,,NO,,Asfalto,,Apto,Seca,,,,,,,,,Día,NO,Sin Restricción,Despejado,Buena,,
158157,OBSERVATORIO VIAL,2022-04-10,21:30:00,CORRIENTES,18,CAPITAL,21,CORRIENTES,Urbana,Avenida,AV PEDRO FERRE,1600,ESPAÑA,,-2.747.654,-5.883.017,2,0,0,2,0,Colisión entre vehículos,Colisión entre vehículos,S/D,,Lateral,2,Recta,Intersección / cruce,,NO,,Asfalto,,Apto,"Despejada, Seca",,Cordón Divisorio,,,,Si,Si,No,Noche,,Sin Restricción,Despejado,Buena,,Funciona
164616,MUNICIPALIDAD DE CORRIENTES,2022-04-09,8:20:00,CORRIENTES,18,CAPITAL,21,CORRIENTES,Urbana,Calle,RECONQUISTA,2800,,,-2.749.030,-5.881.539,0,1,0,2,0,Colisión entre vehículos,Colisión entre vehículos,S/D,,,2,Recta,Intersección / cruce,,NO,,Ripio,,,,,,,,,,,,Día,NO,,Despejado,Buena,,
151170,OBSERVATORIO VIAL,2022-04-09,18:40:00,CORRIENTES,18,CAPITAL,21,CORRIENTES,Urbana,Avenida,AV PUJOL,2100,CARLOS PELLEGRINI,,,,1,1,0,2,0,Colisión entre vehículos,Colisión entre vehículos,S/D,,Lateral,2,Curva,Rotonda,,NO,,Asfalto,,Apto,"Despejada, Seca",,Ninguna,,,,Si,Si,S/D,Noche,NO,Sin Restricción,Despejado,Buena,,Sin Semáforo
152970,OBSERVATORIO VIAL,2022-04-08,14:21:00,CORRIENTES,18,,,,Urbana,Calle,BELGRANO,,PARAGUAY,,,,1,2,0,2,0,Colisión entre vehículos,Colisión entre vehículos,S/D,,Angulo,2,Recta,Intersección / cruce,,NO,,Asfalto,,Apto,"Despejada, Seca",,Ninguna,,,,S/D,S/D,S/D,Día,NO,Sin Restricción,Despejado,Buena,,Sin Semáforo
157824,OBSERVATORIO VIAL,2022-04-08,10:55:00,CORRIENTES,18,CAPITAL,21,CORRIENTES,Urbana,Avenida,AV PAYSANDU,3800,,,,,1,1,0,2,0,Colisión entre vehículos,Colisión entre vehículos,S/D,,Lateral,2,Recta,Intersección / cruce,,NO,,Asfalto,,Apto,"Despejada, Seca",,Cordón Divisorio,,,,Si,No,No,Día,NO,Sin Restricción,Despejado,Buena,,Sin Semáforo
160644,MUNICIPALIDAD DE CORRIENTES,2022-04-08,8:40:00,CORRIENTES,18,CAPITAL,21,CORRIENTES,Urbana,Avenida,AVDA. INDEPENDENCIA,4300,,,-2.748.148,-5.879.906,5,0,0,5,0,Colisión entre vehículos,Colisión entre vehículos,S/D,,,5,Recta,Intersección / cruce,,NO,,Asfalto,,Apto,,,,,,,,,,Día,NO,Obra en Construcción,Despejado,Buena,,
175459,OBSERVATORIO VIAL,2022-04-08,18:30:00,CORRIENTES,18,CAPITAL,21,CORRIENTES,Urbana,Calle,DON BOSCO,700,COSTANERA,,,,2,0,0,2,0,Colisión entre vehículos,Colisión entre vehículos,,,,2,,Recta,,,,Asfalto,,Apto,Seca,,S/D,,S/D,,S/D,S/D,S/D,Día,,,Despejado,,,Sin Semáforo
160649,MUNICIPALIDAD DE CORRIENTES,2022-04-06,15:38:00,CORRIENTES,18,CAPITAL,21,CORRIENTES,Urbana,Avenida,AVDA. SANTA ROSA,1790,ÑAEMBÉ,,-2.747.904,-5.881.999,1,1,0,2,0,Colisión entre vehículos,Colisión entre vehículos,S/D,,Angulo,2,Recta,Intersección / cruce,,NO,,Asfalto,,Apto,Seca,,,,,,,,,Día,NO,Sin Restricción,Despejado,Buena,,
134817,MUNICIPALIDAD DE CORRIENTES,2022-04-06,10:00:00,CORRIENTES,18,CAPITAL,21,CORRIENTES,Urbana,Avenida,AV. MAIPU,,RECONQUISTA,,,,2,0,0,2,0,Colisión entre vehículos,Colisión entre vehículos,S/D,,,2,Recta,Intersección / cruce,,NO,,Asfalto,,Apto,Seca,,,,,,,,,Día,NO,,Despejado,Buena,,
145739,OBSERVATORIO VIAL,2022-04-06,14:00:00,CORRIENTES,18,CAPITAL,21,CORRIENTES,Urbana,Calle,TACUARI,,CENTENARIO,,,,2,1,0,2,0,Colisión entre vehículos,Colisión entre vehículos,S/D,,,2,Recta,Intersección / cruce,,NO,,Asfalto,,Apto,Seca,,,,,,Si,Si,Si,Día,NO,Sin Restricción,Despejado,Buena,,Funciona
158360,MUNICIPALIDAD DE CORRIENTES,2022-04-05,12:40:00,CORRIENTES,18,CAPITAL,21,CORRIENTES,Urbana,Calle,TRES SARGENTO,1690,COSQUÍN,,,,1,1,0,2,0,Colisión entre vehículos,Colisión entre vehículos,S/D,,Angulo,2,Recta,Intersección / cruce,,NO,,Hormigón,,Apto,Despejada,,Ninguna,,,,S/D,S/D,S/D,Día,NO,Sin Restricción,Despejado,Buena,,Sin Semáforo
176153,OBSERVATORIO VIAL,2022-04-05,22:05:00,CORRIENTES,18,CAPITAL,21,CORRIENTES,Urbana,Calle,LA PAMPA,,AV SARMIENTO,,,,1,1,0,2,0,Colisión entre vehículos,Colisión entre vehículos,,,,2,,Intersección / cruce,,,S/D,Asfalto,,Apto,Seca,,S/D,,Asfalto,,S/D,S/D,S/D,Noche,NO,,Despejado,,,S/D
152966,OBSERVATORIO VIAL,2022-04-05,8:10:00,CORRIENTES,18,CAPITAL,21,CORRIENTES,Urbana,Calle,AV R.R.ALFONSIN,5100,SANCHEZ DE BUSTAMANTE,,-2.747.686,-5.878.794,1,1,0,2,0,Colisión entre vehículos,Colisión entre vehículos,S/D,,,2,Recta,Intersección / cruce,,NO,,Asfalto,,Apto,Seca,,,,,,Si,Si,Si,Día,NO,Sin Restricción,Despejado,Buena,,Sin Semáforo
152046,OBSERVATORIO VIAL,2022-04-05,23:20:00,CORRIENTES,18,CAPITAL,21,CORRIENTES,Urbana,,SANCHEZ BUSTAMANTE,,JUAN DOMINGO PERON,,,,2,0,0,2,0,Colisión entre vehículos,Colisión entre vehículos,S/D,,,2,Recta,Intersección / cruce,,NO,,Asfalto,,Apto,Seca,,Ninguna,,,,Si,,,Noche,SI,Sin Restricción,Despejado,Buena,,
160686,MUNICIPALIDAD DE CORRIENTES,2022-04-05,11:50:00,CORRIENTES,18,CAPITAL,21,CORRIENTES,Urbana,Avenida,AVDA. MAIPÚ,2500,NICARAGUA,,-2.749.887,-5.881.465,1,1,0,2,0,,,S/D,,,2,Recta,Intersección / cruce,,NO,,Asfalto,,Apto,Despejada,,Cordón Divisorio,,,,,,,Día,NO,Sin Restricción,Despejado,Buena,,Funciona
151227,OBSERVATORIO VIAL,2022-04-04,6:00:00,CORRIENTES,18,CAPITAL,21,CORRIENTES,Urbana,Avenida,AV. INDEPENDENIA,4900,GASCON,,,,2,0,0,2,0,Colisión entre vehículos,Colisión entre vehículos,S/D,,Angulo,2,Recta,Intersección / cruce,,NO,,Asfalto,,Apto,Seca,,Cordón Divisorio,,,,Si,No,No,Amanecer,SI,Sin Restricción,Despejado,Buena,,Sin Semáforo
152981,OBSERVATORIO VIAL,2022-04-04,14:55:00,CORRIENTES,18,CAPITAL,21,,Urbana,,AV MAIPU,,,,,,2,0,0,2,0,Colisión entre vehículos,Colisión entre vehículos,S/D,,Angulo,2,Recta,Intersección / cruce,,NO,,Asfalto,,Apto,Despejada,,Ninguna,,,,,Si,,Día,NO,Sin Restricción,Despejado,Buena,,Funciona
160682,MUNICIPALIDAD DE CORRIENTES,2022-04-04,13:15:00,CORRIENTES,18,CAPITAL,21,CORRIENTES,Urbana,Avenida,9 DE julio,200,AVDA. COSTANERA,,-2.746.560,-5.884.790,1,2,0,2,0,Colisión entre vehículos,Colisión entre vehículos,S/D,,Angulo,2,Recta,,,,,Asfalto,,Apto,Seca,,,,,,,,,Día,SI,Sin Restricción,Despejado,Buena,,
139998,OBSERVATORIO VIAL,2022-04-03,17:30:00,CORRIENTES,18,CAPITAL,21,CORRIENTES,Urbana,Calle,LAVALLE,1200,PIO XII,,,,2,0,0,2,0,Colisión entre vehículos,Colisión entre vehículos,S/D,,Lateral,2,Recta,Intersección / cruce,,NO,,Asfalto,,Apto,Seca,,Ninguna,,,,Si,Si,No,Día,NO,Sin Restricción,Despejado,Buena,,Sin Semáforo
164615,MUNICIPALIDAD DE CORRIENTES,2022-04-03,8:18:00,CORRIENTES,18,CAPITAL,21,CORRIENTES,Rural,Ruta Nacional,12,DESC,AVENIDA RAÚL ALFONSÍN,,-2.747.826,-5.878.273,0,3,0,2,0,Colisión entre vehículos,Colisión entre vehículos,S/D,,Alcance,2,Recta,Intersección / cruce,,NO,,Hormigón,,Apto,Despejada,,Otro,,,,S/D,S/D,S/D,Día,NO,Sin Restricción,Despejado,Buena,,Sin Semáforo
135569,MUNICIPALIDAD DE CORRIENTES,2022-04-03,7:30:00,CORRIENTES,18,CAPITAL,21,CORRIENTES,Urbana,Avenida,CAZADORES CORRENTINOS,3400,MEDRANO,,,,,1,0,1,0,Caída desde vehículo,Caída desde vehículo,S/D,,,1,Recta,Intersección / cruce,,NO,,Asfalto,,Apto,Seca,,Ninguna,,,,,,,Día,NO,Sin Restricción,Despejado,Buena,,
161548,OBSERVATORIO VIAL,2022-04-02,7:20:00,CORRIENTES,18,CAPITAL,21,CORRIENTES,Urbana,Calle,ALTAGRACIA,,SANTA CATALINA,,,,1,1,0,2,0,Colisión entre vehículos,Colisión entre vehículos,S/D,,,2,Recta,Intersección / cruce,,NO,,Asfalto,,Apto,Despejada,,Ninguna,,,,,,,Día,NO,Sin Restricción,Despejado,Buena,,Sin Semáforo
167715,MUNICIPALIDAD DE CORRIENTES,2022-04-02,14:00:00,CORRIENTES,18,CAPITAL,21,CORRIENTES,Urbana,Avenida,AVENIDA ARMENIA,3000,CHACABUCO,,-2.746.750,-5.881.185,1,1,0,2,0,Colisión entre vehículos,Colisión entre vehículos,S/D,,,2,Curva,,,NO,,Asfalto,,Apto,Despejada,,,,,,,,,Día,NO,,Despejado,Buena,,Intermitente
151162,OBSERVATORIO VIAL,2022-04-02,19:30:00,CORRIENTES,18,CAPITAL,21,,Urbana,Avenida,AV MAIPU,,ROCA,,,,1,1,0,2,0,Colisión entre vehículos,Colisión entre vehículos,S/D,,Alcance,2,Recta,Intersección / cruce,,NO,,Asfalto,,Apto,Seca,,,,,,Si,Si,,Noche,SI,Sin Restricción,Despejado,Buena,,Funciona
152978,OBSERVATORIO VIAL,2022-04-02,19:30:00,CORRIENTES,18,,,,Urbana,,VESPUCIO,,TAMPICO,,,,2,0,0,2,0,Colisión entre vehículos,Colisión entre vehículos,S/D,,Rozamiento,2,Recta,Intersección / cruce,,NO,,Asfalto,,,Despejada,,,,,,No,No,No,Noche,SI,Sin Restricción,Despejado,Buena,,Sin Semáforo
174823,OBSERVATORIO VIAL,2022-04-02,16:20:00,CORRIENTES,18,CAPITAL,21,CORRIENTES,Urbana,Calle,LAVALLE,2300,PERÚ,,-2.747.842,-5.882.261,1,1,0,2,0,Colisión entre vehículos,Colisión entre vehículos,,,Lateral,2,,Intersección / cruce,,,No obstruido,Asfalto,,Apto,Seca,,Ninguna,,Ninguna,,Si,No,No,Día,,,Despejado,,,Sin Semáforo