id_feu,unidad_regional,siniestro_fecha,siniestro_hora,provincia,id_provincia,departamento,id_departamento,localidad,zona_ocurrencia,via_publica,nombre_via,altura_km,entre_calle_1,entre_calle_2,latitud,longitud,ilesos,heridos,fallecidos,vehiculos,peatones,tipo_siniestro_multiple,tipo_siniestro_unico,despiste_previo,tipo_siniestro_otro,tipo_colision,cantidad_de_involucrados,trazado_via,configuracion_de_la_via,configuracion_de_la_via_otro_tipo,pendiente_declive,cono_de_vision,material_de_la_calzada,material_de_la_calzada_otro,estado_de_la_calzada,estado_fisico_ambiental,estado_de_conservacion_otro,division_fisica_de_la_via,division_fisica_de_la_via_otro,barreras_de_seguridad,banquinas,senalizacion_carteleria,senalizacion_horizontal,senalizacion_transitoria,luminosidad,luz_artificial,transito_restringido,estado_ambiental,visibilidad,visibilidad_otro,semaforo
139974,OBSERVATORIO VIAL,2022-04-02,13:39:00,CORRIENTES,18,CAPITAL,21,CORRIENTES,Urbana,Avenida,AV CHACABUCO,1800,GRAL PAZ,,,,2,0,0,2,0,Colisión entre vehículos,Colisión entre vehículos,S/D,,,2,Recta,Intersección / cruce,,NO,,Asfalto,,Apto,Seca,,Ninguna,,,,Si,Si,No,Día,NO,Sin Restricción,Despejado,Buena,,Funciona
175500,OBSERVATORIO VIAL,2022-04-02,16:15:00,CORRIENTES,18,CAPITAL,21,CORRIENTES,Urbana,Calle,BOLIVAR,,CORDOBA,,,,2,0,0,2,0,Colisión entre vehículos,Colisión entre vehículos,,,Angulo,2,,Intersección / cruce,,,S/D,S/D,,Apto,Seca,,S/D,,S/D,,S/D,S/D,S/D,Día,,,Despejado,,,Sin Semáforo
136369,DIRECCIÓN DE SEGURIDAD VIAL,2022-04-02,23:48:00,CORRIENTES,18,CAPITAL,21,CORRIENTES,Urbana,Avenida,AV 3 DE ABRIL,,CORDOBA,,,,1,1,0,2,0,Colisión entre vehículos,Colisión entre vehículos,S/D,,Angulo,2,Recta,Intersección / cruce,,NO,,Hormigón,,Apto,Seca,,Ninguna,,,,,,,Noche,SI,,Despejado,Buena,,
169897,MUNICIPALIDAD DE CORRIENTES,2022-04-02,23:55:00,CORRIENTES,18,CAPITAL,21,CORRIENTES,Urbana,Avenida,AVENIDA MAIPÚ,1699,,,,,0,2,0,1,0,Caída desde vehículo,Caída desde vehículo,S/D,,,1,Recta,,,NO,,Asfalto,,Baches,,,Ninguna,,,,No,No,No,Noche,NO,Sin Restricción,Despejado,Buena,,Sin Semáforo
169890,MUNICIPALIDAD DE CORRIENTES,2022-04-02,13:45:00,CORRIENTES,18,CAPITAL,21,CORRIENTES,Urbana,Calle,CORREA FERNÁNDEZ,1700,AVENIDA SARMIENTO,,-2.748.326,-5.883.088,1,1,0,2,0,Colisión entre vehículos,Colisión entre vehículos,S/D,,Angulo,2,Recta,Intersección / cruce,,NO,,Asfalto,,Apto,"Despejada, Seca",,Ninguna,,,,S/D,S/D,S/D,Día,NO,Sin Restricción,Despejado,Buena,,Funciona
139214,OBSERVATORIO VIAL,2022-03-31,19:59:00,CORRIENTES,18,CAPITAL,21,CORRIENTES,Urbana,Calle,PAISANDU,2200,GUALEGUAYCHU,,-2.749.383,-5.882.456,2,0,0,2,0,Colisión entre vehículos,Colisión entre vehículos,S/D,,,2,Recta,Intersección / cruce,,NO,,Asfalto,,Apto,Seca,,Ninguna,,,,Si,No,No,Día,NO,Sin Restricción,Despejado,Buena,,Sin Semáforo
146714,OBSERVATORIO VIAL,2022-03-28,10:20:00,CORRIENTES,18,,,,,,CATARMARCA,900,,,,,1,1,0,2,0,Colisión entre vehículos,Colisión entre vehículos,S/D,,,2,Recta,Intersección / cruce,,NO,,Asfalto,,Apto,"Despejada, Seca",,Ninguna,,,,S/D,S/D,S/D,Día,NO,Sin Restricción,Despejado,Buena,,Funciona
175504,OBSERVATORIO VIAL,2022-03-28,7:40:00,CORRIENTES,18,CAPITAL,21,CORRIENTES,Urbana,Calle,CARTAGENA,,GASCON,,,,0,1,0,1,0,Salida de calzada,Salida de calzada,,,,1,,Recta,,,,Asfalto,,Apto,Seca,,S/D,,S/D,,S/D,S/D,S/D,Día,,,Despejado,,,S/D
175469,OBSERVATORIO VIAL,2022-03-26,10:30:00,CORRIENTES,18,CAPITAL,21,CORRIENTES,Urbana,Avenida,INDEPENDENCIA,3000,GAZCON,,,,1,1,0,2,0,Colisión entre vehículos,Colisión entre vehículos,,,,2,,Intersección / cruce,,,S/D,Asfalto,,Apto,Seca,,S/D,,S/D,,S/D,S/D,S/D,Día,,,Despejado,,,S/D
136411,OBSERVATORIO VIAL,2022-03-26,19:00:00,CORRIENTES,18,CAPITAL,21,CORRIENTES,Urbana,Avenida,AV ARTIGAS,1100,,,-2.747.160,-5.881.866,2,0,0,2,0,Colisión entre vehículos,Colisión entre vehículos,S/D,,Alcance,2,Recta,Intersección / cruce,,NO,,Asfalto,,Apto,Seca,,Ninguna,,,,Si,Si,No,Día,NO,Sin Restricción,Despejado,Buena,,Funciona
151226,OBSERVATORIO VIAL,2022-03-23,11:18:00,CORRIENTES,18,CAPITAL,21,CORRIENTES,Urbana,Avenida,AV. GOBERNADOR RUIZ,,ESTADOS UNIDOS,,,,2,0,0,2,0,Colisión entre vehículos,Colisión entre vehículos,S/D,,,2,Recta,Intersección / cruce,,NO,,Asfalto,,Apto,Seca,,Ninguna,,,,Si,Si,No,Día,NO,Sin Restricción,Despejado,Buena,,Funciona
159880,MUNICIPALIDAD DE CORRIENTES,2022-03-21,22:00:00,CORRIENTES,18,CAPITAL,21,CORRIENTES,Urbana,Avenida,PAYSANDU,S/D,PATAGONIA,,-2.749.260,-5.882.439,1,1,0,2,0,Colisión entre vehículos,Colisión entre vehículos,S/D,,Angulo,2,Recta,Intersección / cruce,,NO,,Asfalto,,Apto,Seca,,,,,,,,,Noche,SI,Sin Restricción,Despejado,Buena,,
165341,MUNICIPALIDAD DE CORRIENTES,2022-03-20,4:30:00,CORRIENTES,18,CAPITAL,21,CORRIENTES,Urbana,Calle,SANTIAGO DEL ESTERO,350,,,,,0,1,0,1,0,Choque,Choque,S/D,,Inmueble,1,Recta,,RECTA,NO,,Asfalto,,Apto,"Despejada, Seca",,Ninguna,,,,S/D,S/D,S/D,Noche,SI,Sin Restricción,Despejado,Buena,,Sin Semáforo
165293,OBSERVATORIO VIAL,2022-03-20,8:24:00,CORRIENTES,18,CAPITAL,21,CORRIENTES,Urbana,Calle,MEDRANO,1900,LAS HERAS,,-2.748.542,-5.879.905,0,1,0,1,0,"Caída desde vehículo, Colisión entre vehículos",Colisión entre vehículos,S/D,,,1,Recta,Intersección / cruce,,NO,,Asfalto,,Apto,Despejada,,Ninguna,,,,Si,S/D,S/D,Día,NO,Sin Restricción,Despejado,Buena,,Sin Semáforo
155608,OBSERVATORIO VIAL,2022-03-20,8:00:00,CORRIENTES,18,CAPITAL,21,CORRIENTES,Urbana,Avenida,MAIPU,599,TTE IBAÑEZ,,,,1,1,0,2,0,Colisión entre vehículos,Colisión entre vehículos,S/D,,Lateral,2,Recta,Intersección / cruce,,NO,,Asfalto,,Apto,"Despejada, Seca",,Ninguna,,,,Si,Si,No,Día,NO,Sin Restricción,Despejado,Buena,,Funciona
168562,OBSERVATORIO VIAL,2022-03-20,10:15:00,CORRIENTES,18,CAPITAL,21,CORRIENTES,Urbana,Calle,LAS MARGARITAS,191,,,-2.746.104,-5.877.718,2,0,0,2,0,Colisión entre vehículos,Colisión entre vehículos,S/D,,,2,Recta,Intersección / cruce,,NO,,Asfalto,,Apto,Seca,,Ninguna,,,,Si,Si,No,Día,NO,Sin Restricción,Despejado,Buena,,Sin Semáforo
148190,OBSERVATORIO VIAL,2022-03-19,17:00:00,CORRIENTES,18,,,,Urbana,,AV MAIPU,1700,,,,,0,2,0,2,0,Colisión entre vehículos,Colisión entre vehículos,S/D,,Angulo,2,Recta,Intersección / cruce,,NO,,Asfalto,,Apto,"Despejada, Seca",,Ninguna,,,,S/D,S/D,S/D,Día,NO,Sin Restricción,Despejado,Buena,,Sin Semáforo
138493,OBSERVATORIO VIAL,2022-03-19,8:45:00,CORRIENTES,18,CAPITAL,21,CORRIENTES,Urbana,Avenida,AV MAIPU,5900,ROTONDA ACCESO Bª SANTA CATALINA,,-2.752.229,-5.879.982,0,1,0,1,0,Colisión entre vehículos,Colisión entre vehículos,S/D,,,1,Curva,Rotonda,,NO,,Asfalto,,Apto,Seca,,Cordón Divisorio,,,,Si,Si,No,Día,NO,Sin Restricción,Despejado,Buena,,Sin Semáforo
151218,OBSERVATORIO VIAL,2022-03-19,21:50:00,CORRIENTES,18,,,,,Ruta Nacional,12,,PIRAYUI,,,,1,0,0,1,0,,,S/D,CHOQUE,,1,Recta,Intersección / cruce,,NO,,Asfalto,,En reparación,Seca,,Ninguna,,,,S/D,S/D,Si,Noche,SI,,Despejado,Buena,,Sin Semáforo
169868,MUNICIPALIDAD DE CORRIENTES,2022-03-18,18:30:00,CORRIENTES,18,CAPITAL,21,CORRIENTES,Urbana,Calle,25 DE mayo,1060,,,-2.746.417,-5.883.702,2,0,0,2,0,Colisión entre vehículos,Colisión entre vehículos,S/D,,Alcance,2,Recta,Intersección / cruce,,NO,,Asfalto,,Apto,Seca,,,,,,Si,Si,No,Día,NO,Sin Restricción,Despejado,Buena,,Sin Semáforo
142754,OBSERVATORIO VIAL,2022-03-18,15:00:00,CORRIENTES,18,CAPITAL,21,CORRIENTES,Urbana,Calle,HIPOLITO YRIGOYEN,700,SAN LUIS,,,,1,1,0,2,0,Colisión entre vehículos,Colisión entre vehículos,S/D,,Angulo,2,Recta,Intersección / cruce,,NO,,Asfalto,,Apto,"Despejada, Seca",,Ninguna,,,,Si,Si,No,Día,NO,Sin Restricción,Despejado,Buena,,Sin Semáforo
135559,OBSERVATORIO VIAL,2022-03-18,14:30:00,CORRIENTES,18,CAPITAL,21,CORRIENTES,Urbana,Avenida,AV. C.CORRENTINO,4200,LAS PIEDRAS,,-2.748.729,-5.880.139,2,1,0,2,0,Colisión entre vehículos,Colisión entre vehículos,S/D,,Angulo,2,Recta,Intersección / cruce,,NO,,Hormigón,,Apto,Seca,,Cordón Divisorio,,,,Si,,,Día,NO,Sin Restricción,Despejado,Buena,,Funciona
151158,OBSERVATORIO VIAL,2022-03-18,10:30:00,CORRIENTES,18,CAPITAL,21,,,,BELGRANO,1600,,,,,2,0,0,2,0,Colisión entre vehículos,Colisión entre vehículos,S/D,,Alcance,2,Recta,Intersección / cruce,,NO,,Asfalto,,Apto,,,Ninguna,,,,S/D,S/D,S/D,Día,NO,Sin Restricción,Despejado,Buena,,Sin Semáforo
141866,OBSERVATORIO VIAL,2022-03-16,8:50:00,CORRIENTES,18,CAPITAL,21,CORRIENTES,Urbana,Avenida,AV J R VIDAL,2800,CARTAGENA,,,,2,0,0,2,0,Colisión entre vehículos,Colisión entre vehículos,S/D,,Lateral,2,Recta,Rotonda,,NO,,Asfalto,,Apto,Seca,,Cordón Divisorio,,,,Si,S/D,S/D,Día,NO,Sin Restricción,Despejado,Buena,,Sin Semáforo
152104,OBSERVATORIO VIAL,2022-03-15,11:22:00,CORRIENTES,18,CAPITAL,21,,,,MEDRANO,4000,JARDIN BOTANICO,,,,0,1,0,1,0,Atropello a animal/es,Atropello a animal/es,S/D,,,1,Recta,Intersección / cruce,,NO,,Asfalto,,Apto,Seca,,Ninguna,,,,Si,Si,,Día,NO,Sin Restricción,Despejado,Buena,,Sin Semáforo
164619,MUNICIPALIDAD DE CORRIENTES,2022-03-13,6:32:00,CORRIENTES,18,CAPITAL,21,CORRIENTES,Urbana,Avenida,AVDA. 3 DE ABRIL,1100,MENDOZA,,-2.747.567,-5.883.640,1,1,0,2,0,Colisión entre vehículos,Colisión entre vehículos,S/D,,,2,Recta,,,NO,,Asfalto,,Apto,,,,,,,Si,Si,No,Día,NO,Sin Restricción,Despejado,Buena,,Funciona
132625,MUNICIPALIDAD DE CORRIENTES,2022-03-13,14:20:00,CORRIENTES,18,CAPITAL,21,CORRIENTES,Urbana,Calle,BOLIVAR,2700,,,,,1,1,0,2,0,Colisión entre vehículos,Colisión entre vehículos,S/D,,,2,Recta,,,NO,,Asfalto,,Apto,Seca,,,,,,,,,Día,NO,,Despejado,Buena,,
159886,MUNICIPALIDAD DE CORRIENTES,2022-03-13,8:14:00,CORRIENTES,18,CAPITAL,21,CORRIENTES,Urbana,Calle,CATAMARCA,1250,BELGRANO,BOLÍVAR,-2.747.192,-5.883.350,1,1,0,2,0,Colisión entre vehículos,Colisión entre vehículos,S/D,,,2,Recta,,,NO,,Asfalto,,Apto,,,,,,,,,,Día,NO,Sin Restricción,Despejado,Buena,,
169173,MUNICIPALIDAD DE CORRIENTES,2022-03-13,10:20:00,CORRIENTES,18,CAPITAL,21,CORRIENTES,Urbana,Calle,LOS MATACOS,3300,LOS ATACAMAS,,-2.750.404,-5.881.434,0,1,0,1,0,"Caída desde vehículo, Choque",Choque,S/D,CAIDA ÁRBOL SOBRE VEHÍCULO,Arbol,1,Recta,,,NO,,Hormigón,,Apto,Seca,,Ninguna,,,,No,No,No,Día,NO,Sin Restricción,Despejado,Buena,,Sin Semáforo
144736,OBSERVATORIO VIAL,2022-03-13,20:00:00,CORRIENTES,18,CAPITAL,21,CORRIENTES,Urbana,Calle,CUBA,5300,RAMOS MEJIA,,,,1,1,0,2,0,Colisión entre vehículos,Colisión entre vehículos,S/D,,Angulo,2,Recta,Intersección / cruce,,NO,,Asfalto,,Apto,,,Ninguna,,,,No,No,No,Noche,SI,Sin Restricción,Despejado,Buena,,Sin Semáforo
139241,MUNICIPALIDAD DE CORRIENTES,2022-03-12,7:00:00,CORRIENTES,18,CAPITAL,21,CORRIENTES,Urbana,Calle,SAN MARTIN,500,,,,,0,1,0,1,0,Vuelco (solo 1 participante),Vuelco (solo 1 participante),S/D,,,1,Recta,Intersección / cruce,,NO,,Asfalto,,Apto,Seca,,,,,,,,,Día,NO,Sin Restricción,Despejado,Buena,,
141868,OBSERVATORIO VIAL,2022-03-12,12:00:00,CORRIENTES,18,CAPITAL,21,CORRIENTES,Urbana,Calle,ROCA,1200,BELGRANO,,,,0,1,0,1,0,Caída desde vehículo,Caída desde vehículo,S/D,,,1,Recta,Intersección / cruce,,NO,,Asfalto,,Apto,Seca,,Ninguna,,,,Si,S/D,No,Día,NO,Sin Restricción,Despejado,Buena,,Sin Semáforo
156536,OBSERVATORIO VIAL,2022-03-12,19:20:00,CORRIENTES,18,,,,,Ruta Nacional,12,,FERRAU,,,,2,0,0,2,0,,,S/D,,,2,Recta,Intersección / cruce,,NO,,Asfalto,,Apto,Seca,,Ninguna,,,,Si,,Si,Noche,SI,Sin Restricción,Despejado,Buena,,Sin Semáforo
162790,MUNICIPALIDAD DE CORRIENTES,2022-03-12,9:40:00,CORRIENTES,18,CAPITAL,21,CORRIENTES,Rural,Ruta Provincial,RUTA 5 Y MERCEDES CREMONTE,5,,,-2.748.461,-5.877.896,1,1,0,2,0,Colisión entre vehículos,Colisión entre vehículos,S/D,,,2,Recta,Intersección / cruce,,NO,,Asfalto,,Apto,"Despejada, Seca",,Barrera de Hormigón,,,,No,No,No,Día,NO,Sin Restricción,Despejado,Buena,,Sin Semáforo
167705,MUNICIPALIDAD DE CORRIENTES,2022-03-10,14:10:00,CORRIENTES,18,CAPITAL,21,CORRIENTES,Urbana,Calle,MADRID,5200,SHERIDAN,,-2.745.826,-5.878.378,1,2,0,1,0,Vuelco (solo 1 participante),Vuelco (solo 1 participante),S/D,,,1,Recta,Intersección / cruce,,NO,,Hormigón,,Apto,"Despejada, Seca",,Otro,,,,No,No,No,Día,NO,Sin Restricción,Despejado,Buena,,Sin Semáforo
157783,OBSERVATORIO VIAL,2022-03-09,13:00:00,CORRIENTES,18,CAPITAL,21,CORRIENTES,Urbana,Avenida,AV GARAY,490,,,,,2,0,0,2,0,Colisión entre vehículos,Colisión entre vehículos,S/D,,Lateral,2,Recta,Intersección / cruce,,NO,,Asfalto,,Apto,"Despejada, Seca",,Ninguna,,,,S/D,S/D,S/D,Día,NO,Sin Restricción,Despejado,Buena,,Sin Semáforo
174256,OBSERVATORIO VIAL,2022-03-07,11:30:00,CORRIENTES,18,CAPITAL,21,CORRIENTES,Urbana,Avenida,AV TTE IBAÑEZ,960,RIOJA,,,,1,1,0,2,0,Colisión entre vehículos,Colisión entre vehículos,,,,2,,Recta,,,,Asfalto,,Apto,Seca,,S/D,,S/D,,Si,Si,,Día,,,Despejado,,,Sin Semáforo
167695,MUNICIPALIDAD DE CORRIENTES,2022-03-06,23:30:00,CORRIENTES,18,CAPITAL,21,CORRIENTES,Urbana,Avenida,AVENIDA CENTENARIO,4000,,,-2.747.360,-5.880.267,2,0,0,2,0,Colisión entre vehículos,Colisión entre vehículos,S/D,,Angulo,2,Recta,Intersección / cruce,,NO,,Hormigón,,Apto,"Despejada, Seca",,Otro,PARTERRE,,,No,Si,No,Noche,SI,Sin Restricción,Despejado,Buena,,Sin Semáforo
139227,MUNICIPALIDAD DE CORRIENTES,2022-03-05,8:31:00,CORRIENTES,18,CAPITAL,21,CORRIENTES,Urbana,Ruta Provincial,5,,,,-2.747.995,-5.881.170,1,1,0,2,0,Colisión entre vehículos,Colisión entre vehículos,S/D,,Angulo,2,Recta,Intersección / cruce,,NO,,Asfalto,,Apto,Seca,,,,,,Si,Si,No,Día,NO,Sin Restricción,Despejado,Buena,,
151156,OBSERVATORIO VIAL,2022-03-05,13:50:00,CORRIENTES,18,CAPITAL,21,,Urbana,Avenida,AV. 3 DE ABRIL,,BS.AS,,,,2,0,0,2,0,Colisión entre vehículos,Colisión entre vehículos,S/D,,Alcance,2,Recta,,,NO,,Asfalto,,Apto,Seca,,,,,,Si,No,No,Día,NO,Sin Restricción,Despejado,Buena,,Funciona
164585,OBSERVATORIO VIAL,2022-03-05,11:01:00,CORRIENTES,18,CAPITAL,21,CORRIENTES,Urbana,Avenida,RIO CHICO,5900,LAS GARDENIAS,,-2.746.022,-5.877.465,1,1,0,2,0,Colisión entre vehículos,Colisión entre vehículos,S/D,,Lateral,2,Recta,Intersección / cruce,,NO,,Asfalto,,Apto,"Despejada, Seca",,Ninguna,,,,S/D,S/D,S/D,Día,NO,Sin Restricción,Despejado,Buena,,Sin Semáforo
152980,OBSERVATORIO VIAL,2022-03-05,17:15:00,CORRIENTES,18,,,,Urbana,,COSQUIN,,PAYSANDU,,,,0,2,0,1,0,Caída desde vehículo,Caída desde vehículo,S/D,,,1,Recta,Intersección / cruce,,NO,,,,Apto,Despejada,,Cordón Divisorio,,,,No,No,No,Día,NO,Sin Restricción,Despejado,Buena,,Sin Semáforo
153888,OBSERVATORIO VIAL,2022-03-04,13:15:00,CORRIENTES,18,CAPITAL,21,CORRIENTES,Urbana,Avenida,AV. INDEPENDENCIA,3900,,,,,2,0,0,2,0,Colisión entre vehículos,Colisión entre vehículos,S/D,,Alcance,2,Recta,Intersección / cruce,,NO,,Asfalto,,Apto,Seca,,Cordón Divisorio,,,,S/D,S/D,S/D,Día,NO,Sin Restricción,Despejado,Buena,,Funciona
134830,MUNICIPALIDAD DE CORRIENTES,2022-03-04,10:00:00,CORRIENTES,18,CAPITAL,21,CORRIENTES,Urbana,Calle,PJE CATUEGNO,,PJE LONDRES,,,,1,1,0,2,0,Colisión entre vehículos,Colisión entre vehículos,S/D,,,2,Recta,Intersección / cruce,,NO,,Tierra,,Apto,,,,,,,S/D,S/D,S/D,Día,NO,Sin Restricción,Despejado,Buena,,
148995,OBSERVATORIO VIAL,2022-03-04,15:00:00,CORRIENTES,18,CAPITAL,21,CORRIENTES,Urbana,Avenida,AV LIBERTAD,5800,,,,,1,1,0,2,0,Colisión entre vehículos,Colisión entre vehículos,S/D,,Lateral,2,Recta,Intersección / cruce,,NO,,Asfalto,,Apto,"Despejada, Seca",,Cordón Divisorio,,,,Si,Si,No,Día,NO,Sin Restricción,Despejado,Buena,,Sin Semáforo
152979,OBSERVATORIO VIAL,2022-03-03,17:55:00,CORRIENTES,18,,,,Urbana,Calle,MURCIA,,SALAMANCA,,,,1,1,0,2,0,Colisión entre vehículos,Colisión entre vehículos,S/D,,Angulo,2,Recta,Intersección / cruce,,NO,,Asfalto,,Apto,Despejada,,,,,,No,No,,Día,NO,Sin Restricción,Despejado,Buena,,Sin Semáforo
160641,MUNICIPALIDAD DE CORRIENTES,2022-03-03,5:20:00,CORRIENTES,18,CAPITAL,21,CORRIENTES,Urbana,Calle,CATAMARCA,1200,BOLÍVAR,,,,1,2,0,2,0,Colisión entre vehículos,Colisión entre vehículos,S/D,,,2,Recta,Intersección / cruce,,NO,,Asfalto,,Apto,Seca,,Otro,,,,Si,Si,Si,Amanecer,SI,Sin Restricción,Despejado,Buena,,Sin Semáforo
167749,MUNICIPALIDAD DE CORRIENTES,2022-03-03,18:30:00,CORRIENTES,18,CAPITAL,21,CORRIENTES,Rural,Semiautopista/Autovía,ROTONDA VIRGEN DE ITATÍ,12,,,-2.748.432,-5.878.277,2,0,0,2,0,Colisión entre vehículos,Colisión entre vehículos,S/D,,Alcance,2,Curva,Rotonda,,NO,,Asfalto,,Apto,Seca,,Otro,,,,Si,Si,Si,Día,SI,Sin Restricción,Despejado,Buena,,Sin Semáforo
175476,OBSERVATORIO VIAL,2022-03-02,15:00:00,CORRIENTES,18,CAPITAL,21,CORRIENTES,Urbana,Calle,YRIGOYEN,600,SAN LUIS,,-2.746.811,-5.884.301,2,0,0,2,0,Colisión entre vehículos,Colisión entre vehículos,,,Angulo,2,,Intersección / cruce,,,No obstruido,Asfalto,,Apto,Seca,,Ninguna,,Ninguna,,No,No,No,Día,,,Despejado,,,Sin Semáforo
176147,OBSERVATORIO VIAL,2022-03-01,9:20:00,CORRIENTES,18,CAPITAL,21,CORRIENTES,Urbana,Calle,LAVALLE,1800,PARAGUAY,,,,2,1,0,2,0,Colisión entre vehículos,Colisión entre vehículos,,,Lateral,2,,Intersección / cruce,,,No obstruido,Asfalto,,Apto,Seca,,Ninguna,,Ninguna,,No,No,No,Día,,,Despejado,,,Sin Semáforo
141871,OBSERVATORIO VIAL,2022-02-28,19:00:00,CORRIENTES,18,CAPITAL,21,CORRIENTES,Urbana,Calle,CHARRUAS,1700,,,,,0,1,0,1,0,Caída desde vehículo,Caída desde vehículo,S/D,,,1,Recta,Intersección / cruce,,NO,,Ripio,,Apto,Mojada,,Ninguna,,,,S/D,S/D,S/D,Atardecer,SI,Sin Restricción,Lluvia,Lluvia,,Sin Semáforo
136337,OBSERVATORIO VIAL,2022-02-28,9:45:00,CORRIENTES,18,CAPITAL,21,CORRIENTES,Urbana,Calle,ROCA,1300,BELGRANO,,-2.747.341,-5.882.333,2,0,0,2,0,Colisión entre vehículos,Colisión entre vehículos,S/D,,,2,Recta,Intersección / cruce,,NO,,Hormigón,,Apto,,,Ninguna,,,,Si,Si,No,,NO,Sin Restricción,Despejado,Buena,,Sin Semáforo
159928,OBSERVATORIO VIAL,2022-02-27,11:45:00,CORRIENTES,18,CAPITAL,21,CORRIENTES,Urbana,,BELGRANO,,CATAMARCA,,,,2,0,0,2,0,Colisión entre vehículos,Colisión entre vehículos,S/D,,Angulo,2,Recta,Intersección / cruce,,NO,,Asfalto,,Apto,Despejada,,,,,,S/D,S/D,S/D,Día,NO,Sin Restricción,Despejado,Buena,,Sin Semáforo
168422,MUNICIPALIDAD DE CORRIENTES,2022-02-26,9:30:00,CORRIENTES,18,CAPITAL,21,CORRIENTES,Urbana,Avenida,NICARAGUA,3100,AVENIDA MAIPÚ,,,,1,1,0,2,0,Colisión entre vehículos,Colisión entre vehículos,S/D,,Angulo,2,Recta,Intersección / cruce,,NO,,Asfalto,,Apto,"Despejada, Seca",,Ninguna,,,,Si,S/D,S/D,Día,NO,Sin Restricción,Despejado,Buena,,Funciona
159885,MUNICIPALIDAD DE CORRIENTES,2022-02-26,7:11:00,CORRIENTES,18,CAPITAL,21,CORRIENTES,Urbana,Calle,JUJUY,1380,,,-2.747.378,-5.882.855,0,1,0,1,0,Caída desde vehículo,Caída desde vehículo,S/D,,,1,Recta,,,NO,,Asfalto,,Apto,,,,,,,,,,Día,NO,Sin Restricción,Despejado,Buena,,
145171,OBSERVATORIO VIAL,2022-02-26,17:18:00,CORRIENTES,18,CAPITAL,21,CORRIENTES,Urbana,Avenida,AVENIDA ALTA GRACIA,,COCHABAMBA,,,,0,3,0,2,0,Colisión entre vehículos,Colisión entre vehículos,S/D,,,2,Recta,Intersección / cruce,,NO,,Hormigón,,Apto,Seca,,Ninguna,,,,S/D,S/D,S/D,Día,NO,Sin Restricción,Despejado,,,Sin Semáforo
163588,MUNICIPALIDAD DE CORRIENTES,2022-02-25,6:40:00,CORRIENTES,18,CAPITAL,21,CORRIENTES,Urbana,Calle,LAVALLE,100,,,,,2,0,0,2,0,Colisión entre vehículos,Colisión entre vehículos,S/D,,,2,Recta,Intersección / cruce,,NO,,Asfalto,,Apto,Despejada,,Cordón Divisorio,,,,No,No,No,Día,SI,Sin Restricción,,,,Sin Semáforo
175496,OBSERVATORIO VIAL,2022-02-24,8:10:00,CORRIENTES,18,CAPITAL,21,CORRIENTES,Urbana,Calle,ESPAÑA,700,PELLEGRINI,,,,1,1,0,2,0,Colisión entre vehículos,Colisión entre vehículos,,,,2,,Recta,,,,Asfalto,,Apto,Seca,,S/D,,S/D,,S/D,S/D,S/D,Día,,,Despejado,,,S/D
152947,OBSERVATORIO VIAL,2022-02-24,10:40:00,CORRIENTES,18,CAPITAL,21,CORRIENTES,Urbana,Avenida,AV INDEPENDENCIA,4500,MEDRANO,,-2.748.160,-5.879.842,1,0,0,1,0,Colisión entre vehículos,Colisión entre vehículos,S/D,,,1,Recta,Intersección / cruce,,NO,,Asfalto,,Apto,Seca,,Ninguna,,,,Si,Si,No,Día,NO,Sin Restricción,Nublado,Buena,,Funciona
175451,OBSERVATORIO VIAL,2022-02-24,13:10:00,CORRIENTES,18,CAPITAL,21,CORRIENTES,Urbana,Calle,BUENOS AIRES,900,PELLEGRINI,,,,1,1,,2,,Colisión entre vehículos,Colisión entre vehículos,,,,2,,Recta,,,,Asfalto,,Apto,Seca,,S/D,,,,S/D,S/D,S/D,Día,,,Despejado,,,S/D
137055,MUNICIPALIDAD DE CORRIENTES,2022-02-24,16:05:00,CORRIENTES,18,CAPITAL,21,CORRIENTES,Urbana,Avenida,AV. INDEPENDENCIA,4800,SAENZ,,,,2,0,0,2,0,Colisión entre vehículos,Colisión entre vehículos,S/D,,Alcance,2,Recta,Intersección / cruce,,NO,,Asfalto,,Apto,Mojada,,Ninguna,,,,Si,,,Día,NO,Sin Restricción,Lluvia,Lluvia,,Funciona