id_feu,unidad_regional,siniestro_fecha,siniestro_hora,provincia,id_provincia,departamento,id_departamento,localidad,zona_ocurrencia,via_publica,nombre_via,altura_km,entre_calle_1,entre_calle_2,latitud,longitud,ilesos,heridos,fallecidos,vehiculos,peatones,tipo_siniestro_multiple,tipo_siniestro_unico,despiste_previo,tipo_siniestro_otro,tipo_colision,cantidad_de_involucrados,trazado_via,configuracion_de_la_via,configuracion_de_la_via_otro_tipo,pendiente_declive,cono_de_vision,material_de_la_calzada,material_de_la_calzada_otro,estado_de_la_calzada,estado_fisico_ambiental,estado_de_conservacion_otro,division_fisica_de_la_via,division_fisica_de_la_via_otro,barreras_de_seguridad,banquinas,senalizacion_carteleria,senalizacion_horizontal,senalizacion_transitoria,luminosidad,luz_artificial,transito_restringido,estado_ambiental,visibilidad,visibilidad_otro,semaforo
145156,OBSERVATORIO VIAL,2022-02-23,14:00:00,CORRIENTES,18,CAPITAL,21,CORRIENTES,Urbana,Avenida,AV PUJOL,,BRASIL,,,,4,0,0,4,0,Colisión entre vehículos,Colisión entre vehículos,S/D,,,4,Recta,,,NO,,Asfalto,,Apto,Seca,,Ninguna,,,,Si,Si,Si,Día,NO,Sin Restricción,Despejado,Buena,,Funciona
151219,OBSERVATORIO VIAL,2022-02-23,22:00:00,CORRIENTES,18,,,,Urbana,,TURIN,,AMERICO DESPUCIO,,,,0,1,0,1,0,Caída desde vehículo,Caída desde vehículo,S/D,,,1,Recta,Intersección / cruce,,NO,,Asfalto,,Apto,Seca,,Ninguna,,,,S/D,S/D,S/D,Noche,SI,Sin Restricción,Despejado,Buena,,Sin Semáforo
158344,MUNICIPALIDAD DE CORRIENTES,2022-02-23,10:20:00,CORRIENTES,18,CAPITAL,21,CORRIENTES,Urbana,Calle,LAVALLE,1662,CASI SARMIENTO,,-2.747.765,-5.883.051,2,0,0,2,0,Colisión entre vehículos,Colisión entre vehículos,S/D,,,2,Recta,Intersección / cruce,,NO,,Asfalto,,Apto,Seca,,Ninguna,,,,Si,Si,No,Día,SI,Sin Restricción,Nublado,Buena,,
139753,OBSERVATORIO VIAL,2022-02-22,11:00:00,CORRIENTES,18,CAPITAL,21,CORRIENTES,Urbana,Avenida,AV ALTAGRACIA,1600,AV SANTA CATALINA,,-2.750.907,-5.882.217,1,3,0,2,0,Colisión entre vehículos,Colisión entre vehículos,S/D,,,2,Recta,Intersección / cruce,,NO,,Asfalto,,Apto,Despejada,,Ninguna,,,,No,No,No,Día,NO,Sin Restricción,,Buena,,Sin Semáforo
174255,OBSERVATORIO VIAL,2022-02-22,18:00:00,CORRIENTES,18,CAPITAL,21,CORRIENTES,Urbana,Calle,LAS HERAS,2900,,,,,1,1,0,2,0,Colisión entre vehículos,Colisión entre vehículos,,,Lateral,2,,Recta,,,,Asfalto,,Apto,Seca,,S/D,,S/D,,S/D,S/D,S/D,Día,,,Despejado,,,S/D
175473,OBSERVATORIO VIAL,2022-02-21,8:25:00,CORRIENTES,18,CAPITAL,21,CORRIENTES,Urbana,Avenida,AVENIDA ARMENIA,4200,MARTÍN FIERRO,,-2.746.897,-5.879.968,0,3,0,3,0,Colisión entre vehículos,Colisión entre vehículos,,,,3,,Intersección / cruce,,,No obstruido,Asfalto,,Apto,Seca,,Barreras de seguridad,,Ninguna,Otro,Si,Si,No,Día,,,Despejado,,,Sin Semáforo
157727,OBSERVATORIO VIAL,2022-02-20,9:20:00,CORRIENTES,18,CAPITAL,21,CORRIENTES,Urbana,Avenida,AV LIBERTAD,5225,GRANVILLE,,-2.749.266,-5.882.439,2,0,0,1,0,Vuelco (solo 1 participante),Vuelco (solo 1 participante),S/D,,,1,Recta,Intersección / cruce,,NO,,Tierra,,Apto,"Despejada, Seca",,Cordón Divisorio,,,,S/D,S/D,S/D,Día,NO,Sin Restricción,Despejado,Buena,,Sin Semáforo
174215,SEGURIDAD VIAL,2022-02-20,7:40:00,CORRIENTES,18,CAPITAL,21,CORRIENTES,Urbana,Calle,RIOJA,1500,RIVADAVIA,,,,2,0,0,2,0,Colisión entre vehículos,Colisión entre vehículos,,,Angulo,2,,Recta,,,,Asfalto,,Apto,,,S/D,,Asfalto,,S/D,S/D,S/D,Día,,,Despejado,,,Sin Semáforo
146702,OBSERVATORIO VIAL,2022-02-20,9:25:00,CORRIENTES,18,CAPITAL,21,CORRIENTES,,,ROTONDA ESPAÑA,,,,,,2,0,0,2,0,Colisión entre vehículos,Colisión entre vehículos,S/D,,,2,Recta,Intersección / cruce,,NO,,Asfalto,,Apto,Seca,,Ninguna,,,,S/D,S/D,S/D,Día,NO,Sin Restricción,Despejado,Buena,,Sin Semáforo
151152,OBSERVATORIO VIAL,2022-02-19,10:06:00,CORRIENTES,18,,,,Urbana,,CATAMARCA,,BOLIVAR,,,,1,1,0,2,0,Colisión entre vehículos,Colisión entre vehículos,S/D,,Angulo,2,Recta,Intersección / cruce,,NO,,Asfalto,,Apto,Seca,,Ninguna,,,,S/D,,,Día,NO,Sin Restricción,Despejado,Buena,,
151191,OBSERVATORIO VIAL,2022-02-18,17:56:00,CORRIENTES,18,CAPITAL,21,,Urbana,,SAN LUIS,,SAN MARTIN,,,,1,1,0,2,0,Colisión entre vehículos,Colisión entre vehículos,S/D,,Angulo,2,,Intersección / cruce,,NO,,Asfalto,,Apto,Seca,,Ninguna,,,,S/D,S/D,S/D,,NO,Sin Restricción,Despejado,Buena,,Sin Semáforo
166830,MUNICIPALIDAD DE CORRIENTES,2022-02-17,8:31:00,CORRIENTES,18,CAPITAL,21,CORRIENTES,Urbana,Avenida,AVENIDA INDEPENDENCIA,4400,MEDRANO,,-2.748.167,-5.879.840,1,1,0,2,0,Colisión entre vehículos,Colisión entre vehículos,S/D,,,2,Recta,,,NO,,Asfalto,,Apto,,,,,,,S/D,Si,S/D,Día,NO,Sin Restricción,Despejado,Buena,,Funciona
152941,OBSERVATORIO VIAL,2022-02-17,18:30:00,CORRIENTES,18,CAPITAL,21,CORRIENTES,Urbana,Avenida,AV LIBERTAD,5700,RUTA 12,,,,2,0,0,2,0,Colisión entre vehículos,Colisión entre vehículos,S/D,,Lateral,2,Recta,Intersección / cruce,,NO,,Asfalto,,Apto,"Despejada, Seca",,Ninguna,,,,S/D,S/D,S/D,Noche,SI,Sin Restricción,Lluvia,Buena,,Sin Semáforo
137574,MUNICIPALIDAD DE CORRIENTES,2022-02-17,21:00:00,CORRIENTES,18,CAPITAL,21,CORRIENTES,Urbana,Avenida,MAIPU,3100,,,,,2,0,0,2,0,Colisión entre vehículos,Colisión entre vehículos,S/D,,,2,Recta,Intersección / cruce,,NO,,Asfalto,,Apto,Seca,,Ninguna,,,,Si,,,Noche,SI,Sin Restricción,Despejado,Buena,,
171745,OBSERVATORIO VIAL,2022-02-17,18:16:00,CORRIENTES,18,CAPITAL,21,CORRIENTES,Urbana,Calle,ROCA,1400,MORENO,,-2.747.451,-5.882.344,1,1,0,2,0,Colisión entre vehículos,Colisión entre vehículos,S/D,,Alcance,2,Recta,,,NO,,Asfalto,,Apto,"Despejada, Seca",,Ninguna,,,,Si,S/D,S/D,Día,NO,Sin Restricción,Despejado,Buena,,Sin Semáforo
156587,OBSERVATORIO VIAL,2022-02-17,19:30:00,CORRIENTES,18,CAPITAL,21,CORRIENTES,Urbana,Calle,COSQUIN,,BONASTRE,,,,0,3,0,2,0,Colisión entre vehículos,Colisión entre vehículos,S/D,,Angulo,2,Recta,Intersección / cruce,,NO,,Asfalto,,Apto,Seca,,Ninguna,,,,S/D,S/D,S/D,Día,NO,Sin Restricción,Despejado,Buena,,Sin Semáforo
161485,MUNICIPALIDAD DE CORRIENTES,2022-02-17,7:45:00,CORRIENTES,18,CAPITAL,21,CORRIENTES,Urbana,Avenida,AVDA. PAYSANDÚ,2200,AVDA. PATAGONIA,,-2.749.263,-5.882.441,0,2,0,2,0,Colisión entre vehículos,Colisión entre vehículos,S/D,,Angulo,2,Recta,Intersección / cruce,,NO,,Asfalto,,Apto,Seca,,,,,,,,,Noche,SI,Sin Restricción,Despejado,Buena,,
165425,MUNICIPALIDAD DE CORRIENTES,2022-02-17,6:35:00,CORRIENTES,18,CAPITAL,21,CORRIENTES,Urbana,Calle,GUTENBERG,2600,SANTA CRUZ,,,,0,4,0,1,0,Vuelco (solo 1 participante),Vuelco (solo 1 participante),S/D,,,1,Recta,Intersección / cruce,,NO,,Asfalto,,Apto,Mojada,,Ninguna,,,,Si,No,No,Amanecer,NO,Sin Restricción,Nublado,Buena,,Sin Semáforo
176150,OBSERVATORIO VIAL,2022-02-16,14:34:00,CORRIENTES,18,CAPITAL,21,CORRIENTES,Urbana,Avenida,COSQUIN,,EL MAESTRO,,,,1,1,0,2,0,Colisión entre vehículos,Colisión entre vehículos,,,,2,,Recta,,,,Asfalto,,Apto,Seca,,S/D,,S/D,,Si,,,Día,,,Despejado,,,Sin Semáforo
151220,OBSERVATORIO VIAL,2022-02-15,14:10:00,CORRIENTES,18,,,,Urbana,Avenida,AV. FERRE,,ROCA,,,,1,1,0,2,0,,,S/D,,,2,Recta,Intersección / cruce,,NO,,Asfalto,,Apto,Seca,,Cordón Divisorio,,,,S/D,S/D,S/D,Día,NO,Sin Restricción,Despejado,Buena,,Funciona
145061,OBSERVATORIO VIAL,2022-02-15,10:08:00,CORRIENTES,18,CAPITAL,21,CORRIENTES,Urbana,Avenida,AV PUJOL,1800,JUJUY,,-2.746.289,-5.882.728,4,0,0,2,0,Colisión entre vehículos,Colisión entre vehículos,S/D,,,2,Recta,Intersección / cruce,,NO,,Asfalto,,Apto,Seca,,Ninguna,,,,Si,Si,No,Día,NO,Sin Restricción,Lluvia,Lluvia,,Sin Semáforo
146711,OBSERVATORIO VIAL,2022-02-13,15:38:00,CORRIENTES,18,,,,,Avenida,,,CHACO,,,,1,1,0,2,0,Colisión entre vehículos,Colisión entre vehículos,S/D,,,2,,Intersección / cruce,,NO,,Hormigón,,Apto,Seca,,Cordón Divisorio,,,,Si,Si,,Día,NO,Sin Restricción,Despejado,Buena,,Funciona
169151,MUNICIPALIDAD DE CORRIENTES,2022-02-13,10:53:00,CORRIENTES,18,CAPITAL,21,CORRIENTES,Urbana,Calle,CATAMARCA,1400,PLÁCIDO MARTÍNEZ,,-2.746.240,-5.883.243,2,0,0,2,0,Colisión entre vehículos,Colisión entre vehículos,S/D,,,2,Recta,Intersección / cruce,,NO,,Asfalto,,Apto,,,Ninguna,,,,No,Si,No,Día,NO,Sin Restricción,Despejado,Buena,,Sin Semáforo
139234,MUNICIPALIDAD DE CORRIENTES,2022-02-13,19:14:00,CORRIENTES,18,CAPITAL,21,CORRIENTES,Urbana,Avenida,AV. CENTENARIO,,MEDRANO,,,,2,0,0,2,0,Colisión entre vehículos,Colisión entre vehículos,S/D,,,2,Recta,Intersección / cruce,,NO,,Asfalto,,Apto,Seca,,Ninguna,,,,,,,Día,NO,Sin Restricción,Despejado,Buena,,
156529,OBSERVATORIO VIAL,2022-02-12,18:50:00,CORRIENTES,18,CAPITAL,21,CORRIENTES,Urbana,Calle,MARTIN FIERRO,600,,,,,0,2,0,2,0,Colisión entre vehículos,Colisión entre vehículos,S/D,,,2,Recta,Intersección / cruce,,NO,,Asfalto,,Apto,Seca,,Ninguna,,,,S/D,S/D,S/D,Noche,SI,Sin Restricción,Despejado,Buena,,Sin Semáforo
169158,MUNICIPALIDAD DE CORRIENTES,2022-02-12,9:05:00,CORRIENTES,18,CAPITAL,21,CORRIENTES,Urbana,Avenida,AVENIDA INDEPENDENCIA,4067,NIÑO JESÚS,,-2.748.069,-5.880.215,2,1,0,2,0,Colisión entre vehículos,Colisión entre vehículos,S/D,,Angulo,2,Recta,Intersección / cruce,,NO,,Asfalto,,Apto,"Despejada, Seca",,Cordón Divisorio,,,,Si,Si,No,Día,NO,Sin Restricción,Despejado,Buena,,Sin Semáforo
148213,OBSERVATORIO VIAL,2022-02-12,8:50:00,CORRIENTES,18,CAPITAL,21,,Urbana,,YRIGOYEN,,PARAGUAY,,,,1,1,0,2,0,Colisión entre vehículos,Colisión entre vehículos,S/D,,Angulo,2,Recta,Intersección / cruce,,,,Asfalto,,,Mojada,,,,,,S/D,S/D,S/D,Día,NO,Sin Restricción,Lluvia,Lluvia,,Sin Semáforo
156535,OBSERVATORIO VIAL,2022-02-12,6:05:00,CORRIENTES,18,,,,Urbana,Calle,9 DE julio,,SALTA,,,,1,1,0,2,0,Colisión entre vehículos,Colisión entre vehículos,S/D,,Angulo,2,Recta,Intersección / cruce,,NO,,Asfalto,,Apto,Mojada,,Ninguna,,,,Si,Si,S/D,Noche,SI,Sin Restricción,Lluvia,Lluvia,,Sin Semáforo
162769,OBSERVATORIO VIAL,2022-02-11,10:30:00,CORRIENTES,18,CAPITAL,21,CORRIENTES,Urbana,Calle,NAPOLES,2600,SAN FRANCISCO DE ASIS,,-2.749.605,-5.878.341,2,0,0,2,0,Colisión entre vehículos,Colisión entre vehículos,S/D,,Lateral,2,Recta,,,NO,,Asfalto,,Apto,"Despejada, Seca",,Ninguna,,,,S/D,S/D,S/D,Día,NO,Sin Restricción,Despejado,Buena,,Sin Semáforo
162786,MUNICIPALIDAD DE CORRIENTES,2022-02-11,11:10:00,CORRIENTES,18,CAPITAL,21,CORRIENTES,Urbana,Calle,BRASIL,2107,HIPÓLITO YRIGOYEN,,-2.746.987,-5.882.417,2,0,0,2,0,Colisión entre vehículos,Colisión entre vehículos,S/D,,,2,Recta,Intersección / cruce,,NO,,Asfalto,,Apto,Seca,,Ninguna,,,,Si,Si,No,Día,NO,Sin Restricción,Nublado,Buena,,Sin Semáforo
169171,MUNICIPALIDAD DE CORRIENTES,2022-02-10,7:55:00,CORRIENTES,18,CAPITAL,21,CORRIENTES,Urbana,Calle,MANUEL BELGRANO,1500,SAN LORENZO,,-2.747.252,-5.883.224,1,1,0,2,0,Colisión entre vehículos,Colisión entre vehículos,S/D,,,2,Recta,Intersección / cruce,,NO,,Asfalto,,Apto,Seca,,Ninguna,,,,Si,Si,No,Día,SI,Sin Restricción,Despejado,Buena,,Sin Semáforo
143771,OBSERVATORIO VIAL,2022-02-10,22:17:00,CORRIENTES,18,CAPITAL,21,CORRIENTES,Urbana,Avenida,AV PUJOL,1900,URUGUAY,PARAGUAY,,,2,0,0,2,0,Colisión entre vehículos,Colisión entre vehículos,S/D,,Alcance,2,Recta,Intersección / cruce,,NO,,Asfalto,,Apto,"Despejada, Seca",,Cordón Divisorio,,,,Si,Si,No,Noche,SI,Sin Restricción,Despejado,Buena,,Funciona
167699,MUNICIPALIDAD DE CORRIENTES,2022-02-09,5:00:00,CORRIENTES,18,CAPITAL,21,CORRIENTES,Urbana,Avenida,AVENIDA CENTENARIO,4400,,,,,3,0,0,3,0,Colisión entre vehículos,Colisión entre vehículos,S/D,,Alcance,3,Recta,Intersección / cruce,,NO,,Hormigón,,Apto,"Despejada, Seca",,Otro,PARTERRE,,,,,,Noche,SI,,Despejado,Buena,,Funciona
175503,OBSERVATORIO VIAL,2022-02-09,10:13:00,CORRIENTES,18,CAPITAL,21,CORRIENTES,Urbana,Avenida,AV 3 DE ABRIL,,BUENOS AIRES,,,,1,1,0,2,0,Colisión entre vehículos,Colisión entre vehículos,,,,2,,Recta,,,,Asfalto,,Apto,Seca,,S/D,,S/D,,S/D,S/D,S/D,Día,,,Despejado,,,S/D
148952,OBSERVATORIO VIAL,2022-02-08,0:28:00,CORRIENTES,18,CAPITAL,21,CORRIENTES,Urbana,Avenida,AV ARMENIA,3500,19 DE mayo,,,,1,1,0,2,0,Colisión entre vehículos,Colisión entre vehículos,S/D,,Lateral,2,Recta,Intersección / cruce,,NO,,Asfalto,,Apto,Seca,,Cordón Divisorio,,,,Si,No,,Día,SI,Sin Restricción,Despejado,Buena,,Intermitente
152938,OBSERVATORIO VIAL,2022-02-08,22:30:00,CORRIENTES,18,CAPITAL,21,CORRIENTES,Urbana,Avenida,AV INDEPENDENCIA,4600,DARRAGUEIRA,,,,1,0,0,1,0,Choque,Choque,S/D,,Otro,1,Recta,Intersección / cruce,,NO,,Asfalto,,Apto,"Despejada, Seca",,Cordón Divisorio,,,,Si,Si,No,Noche,SI,Sin Restricción,Despejado,Buena,,Sin Semáforo
152969,OBSERVATORIO VIAL,2022-02-08,6:45:00,CORRIENTES,18,CAPITAL,21,,Urbana,,MEDRANO,,AVELLANEDA,,,,1,1,0,2,0,Colisión entre vehículos,Colisión entre vehículos,S/D,,,2,Recta,Intersección / cruce,,NO,,Asfalto,,Apto,Seca,,Ninguna,,,,S/D,S/D,S/D,Amanecer,SI,Sin Restricción,Despejado,Buena,,Sin Semáforo
139975,OBSERVATORIO VIAL,2022-02-07,13:15:00,CORRIENTES,18,CAPITAL,21,CORRIENTES,Urbana,Calle,DOMINGO LASTRA,3400,GALLARDO,,,,2,0,0,2,0,Colisión entre vehículos,Colisión entre vehículos,S/D,,Lateral,2,Recta,Intersección / cruce,,NO,,Asfalto,,Apto,Seca,,Ninguna,,,,Si,Si,No,Día,NO,Sin Restricción,Despejado,Buena,,Sin Semáforo
134807,OBSERVATORIO VIAL,2022-02-07,12:27:00,CORRIENTES,18,CAPITAL,21,CORRIENTES,Urbana,Avenida,AV PUJOL,2178,,,,,2,0,0,2,0,Colisión entre vehículos,Colisión entre vehículos,S/D,,Lateral,2,Recta,,,NO,,Asfalto,,Apto,Seca,,Cordón Divisorio,,,,Si,Si,,Día,NO,Sin Restricción,Despejado,Buena,,Sin Semáforo
142761,OBSERVATORIO VIAL,2022-02-06,13:18:00,CORRIENTES,18,CAPITAL,21,CORRIENTES,Urbana,Calle,SAN MARTIN,1100,SAN JUAN,,,,1,1,0,2,0,Colisión entre vehículos,Colisión entre vehículos,S/D,,Lateral,2,Recta,Intersección / cruce,,NO,,Asfalto,,Apto,"Despejada, Seca",,Ninguna,,,,Si,Si,No,Día,NO,Sin Restricción,Despejado,Buena,,Sin Semáforo
160683,MUNICIPALIDAD DE CORRIENTES,2022-02-06,9:00:00,CORRIENTES,18,CAPITAL,21,CORRIENTES,Urbana,Calle,9 DE julio,1000,LA RIOJA,,-2.746.637,-5.883.795,2,0,0,2,0,Colisión entre vehículos,Colisión entre vehículos,S/D,,Lateral,2,Recta,Intersección / cruce,,NO,,Asfalto,,Apto,Despejada,,Otro,,,,,,,Día,NO,Sin Restricción,Despejado,Buena,,Funciona
165424,MUNICIPALIDAD DE CORRIENTES,2022-02-06,11:18:00,CORRIENTES,18,CAPITAL,21,CORRIENTES,Urbana,Avenida,AVENIDA CAZADORES CORRENTINOS,5003,YUGOSLAVIA,,-2.748.851,-5.879.248,2,1,0,2,0,Colisión entre vehículos,Colisión entre vehículos,S/D,,,2,Recta,Intersección / cruce,,NO,,Hormigón,,Apto,Seca,,Ninguna,,,,Si,No,No,,NO,Sin Restricción,Despejado,Buena,,Sin Semáforo
156532,OBSERVATORIO VIAL,2022-02-06,17:21:00,CORRIENTES,18,,,,Urbana,Calle,ESPAÑA,,PELLEGRINI,,,,2,0,0,2,0,Colisión entre vehículos,Colisión entre vehículos,S/D,,Angulo,2,Recta,Intersección / cruce,,NO,,Asfalto,,Apto,Seca,,Ninguna,,,,S/D,S/D,S/D,Atardecer,NO,,Nublado,Buena,,Sin Semáforo
146701,OBSERVATORIO VIAL,2022-02-05,7:58:00,CORRIENTES,18,CAPITAL,21,CORRIENTES,Urbana,,25 DE mayo,,SALTA,,,,2,0,0,2,0,Colisión entre vehículos,Colisión entre vehículos,S/D,,Angulo,2,Recta,Intersección / cruce,,NO,,Asfalto,,Apto,Seca,,Ninguna,,,,S/D,S/D,S/D,Día,NO,Sin Restricción,Despejado,Buena,,Sin Semáforo
168136,MUNICIPALIDAD DE CORRIENTES,2022-02-05,8:48:00,CORRIENTES,18,CAPITAL,21,CORRIENTES,Urbana,Calle,MENDOZA,965,,,,,2,0,0,2,0,Colisión entre vehículos,Colisión entre vehículos,S/D,,,2,Recta,,RECTA,NO,,Hormigón,,Apto,Seca,,Barrera de Hormigón,,,,Si,Si,No,Día,NO,,Despejado,Buena,,Sin Semáforo
171742,OBSERVATORIO VIAL,2022-02-04,22:15:00,CORRIENTES,18,CAPITAL,21,CORRIENTES,Urbana,Avenida,AVDA. MAIPÚ,6400,,,-2.752.182,-5.879.969,1,1,0,2,0,Colisión entre vehículos,Colisión entre vehículos,S/D,,Angulo,2,Recta,Intersección / cruce,,NO,,Asfalto,,Apto,"Despejada, Seca",,Cordón Divisorio,,,,S/D,Si,S/D,Noche,SI,Sin Restricción,Despejado,Buena,,Sin Semáforo
175447,OBSERVATORIO VIAL,2022-02-03,10:50:00,CORRIENTES,18,CAPITAL,21,CORRIENTES,Urbana,Avenida,COSTANERA,500,SAN LUIS,,,,1,1,0,2,0,Colisión entre vehículos,Colisión entre vehículos,,,Lateral,2,,Intersección / cruce,,,No obstruido,Asfalto,,Apto,Seca,,Barreras de seguridad,,Asfalto,Barrera de Hormigón,Si,Si,S/D,Día,,,Despejado,,,Sin Semáforo
139220,OBSERVATORIO VIAL,2022-02-03,12:39:00,CORRIENTES,18,CAPITAL,21,CORRIENTES,Urbana,Avenida,AV INDEPENDENCIA,3300,REPUBLICA DOMINICANA,,-2.747.879,-5.881.133,2,0,0,2,0,Colisión entre vehículos,Colisión entre vehículos,S/D,,,2,Recta,Intersección / cruce,,NO,,Asfalto,,,Seca,,Ninguna,,,,Si,Si,No,Día,,Sin Restricción,Despejado,Buena,,Funciona
141867,OBSERVATORIO VIAL,2022-02-03,11:30:00,CORRIENTES,18,CAPITAL,21,CORRIENTES,Urbana,Calle,SAN MARTIN,1500,SAN LORENZO,,,,1,1,0,2,0,Colisión entre vehículos,Colisión entre vehículos,S/D,,Lateral,2,Recta,Intersección / cruce,,NO,,Asfalto,,Apto,Seca,,,,,,S/D,S/D,S/D,Día,SI,Sin Restricción,Despejado,Buena,,Funciona
146722,OBSERVATORIO VIAL,2022-02-03,15:40:00,CORRIENTES,18,CAPITAL,21,,Urbana,Calle,,,FRANCIA,,,,0,1,0,1,0,Caída desde vehículo,Caída desde vehículo,S/D,,,1,Recta,Intersección / cruce,,NO,,Asfalto,,Apto,Mojada,,Ninguna,,,,S/D,S/D,S/D,Día,NO,Sin Restricción,Lluvia,Lluvia,,Sin Semáforo
148997,OBSERVATORIO VIAL,2022-02-03,18:40:00,CORRIENTES,18,CAPITAL,21,CORRIENTES,Urbana,Ruta Nacional,12,,MAIPU,,,,1,0,0,1,0,Vuelco (solo 1 participante),Vuelco (solo 1 participante),S/D,,,1,Recta,,RECTA,NO,,Asfalto,,Apto,Seca,,,,,,Si,S/D,S/D,Noche,SI,Sin Restricción,Despejado,Buena,,Sin Semáforo
155567,OBSERVATORIO VIAL,2022-02-03,16:50:00,CORRIENTES,18,CAPITAL,21,CORRIENTES,Urbana,Calle,GUTEMBERG,1700,LAVALLE,,-2.747.761,-5.883.154,1,1,0,2,0,Colisión entre vehículos,Colisión entre vehículos,S/D,,Angulo,2,Recta,Intersección / cruce,,NO,,Asfalto,,Apto,Seca,,Ninguna,,,,S/D,S/D,S/D,Día,SI,Sin Restricción,Despejado,Buena,,Sin Semáforo
161552,OBSERVATORIO VIAL,2022-02-02,9:10:00,CORRIENTES,18,CAPITAL,21,CORRIENTES,Urbana,,GOBDRNADOR CONTE,,GENERAL PAZ,,,,2,0,0,2,0,Colisión entre vehículos,Colisión entre vehículos,S/D,,,2,Recta,Intersección / cruce,,NO,,Asfalto,,Apto,,,Ninguna,,,,,,,Día,NO,Sin Restricción,Despejado,Buena,,Sin Semáforo
151215,OBSERVATORIO VIAL,2022-02-02,9:18:00,CORRIENTES,18,CAPITAL,21,CORRIENTES,Urbana,,CORDOBA,,BELGRANO,,,,4,0,0,2,0,Colisión entre vehículos,Colisión entre vehículos,S/D,,Angulo,2,Recta,Intersección / cruce,,NO,,Asfalto,,Apto,Seca,,Ninguna,,,,Si,Si,No,Día,NO,Sin Restricción,Despejado,Buena,,Sin Semáforo
176154,OBSERVATORIO VIAL,2022-02-02,13:20:00,CORRIENTES,18,CAPITAL,21,CORRIENTES,Urbana,Calle,LUIS BRAILE,3535,,,,,0,1,0,1,0,Vuelco (solo 1 participante),Vuelco (solo 1 participante),,,,1,,Recta,,,,Asfalto,,Apto,Seca,,S/D,,S/D,,S/D,S/D,S/D,Día,,,Despejado,,,S/D
140918,OBSERVATORIO VIAL,2022-02-02,22:20:00,CORRIENTES,18,CAPITAL,21,CORRIENTES,Urbana,Calle,9 DE julio,750,ROCA,,,,1,1,0,2,0,Colisión entre vehículos,Colisión entre vehículos,S/D,,Angulo,2,Curva,Rotonda,,SI,,Asfalto,,Apto,Seca,,,,,,,Si,,Noche,SI,Sin Restricción,Despejado,Buena,,Sin Semáforo
148953,OBSERVATORIO VIAL,2022-02-02,9:45:00,CORRIENTES,18,CAPITAL,21,CORRIENTES,Urbana,Avenida,AV J.R FERNANDEZ,200,,,,,0,2,0,1,1,Atropello a peatón/es,Atropello a peatón/es,S/D,,,2,Recta,Intersección / cruce,,NO,,Asfalto,,Apto,Seca,,Cordón Divisorio,,,,Si,Si,S/D,Día,NO,Sin Restricción,Despejado,Buena,,Funciona
147419,OBSERVATORIO VIAL,2022-02-01,11:55:00,CORRIENTES,18,CAPITAL,21,CORRIENTES,Urbana,,JOSE INGENIERO,410,,,,,2,0,0,2,0,Colisión entre vehículos,Colisión entre vehículos,S/D,,Angulo,2,Recta,Intersección / cruce,,NO,,Asfalto,,Apto,"Despejada, Seca",,Ninguna,,,,S/D,S/D,S/D,Día,NO,Sin Restricción,Despejado,Buena,,Sin Semáforo
162767,OBSERVATORIO VIAL,2022-02-01,14:30:00,CORRIENTES,18,CAPITAL,21,CORRIENTES,Urbana,Calle,SUIZA,2900,RECONQUISTA,,-2.747.585,-5.881.283,2,1,0,3,0,Colisión entre vehículos,Colisión entre vehículos,S/D,,Multiple,3,Recta,Intersección / cruce,,NO,,Asfalto,,Apto,"Despejada, Seca",,Ninguna,,,,S/D,S/D,S/D,Día,NO,Sin Restricción,Despejado,Buena,,Sin Semáforo
145178,OBSERVATORIO VIAL,2022-02-01,17:50:00,CORRIENTES,18,,,,Urbana,,HIPOLITO YRIGOYEN,,PARAGUAY,,,,3,0,0,3,0,Colisión entre vehículos,Colisión entre vehículos,S/D,,Alcance,3,Recta,Intersección / cruce,,NO,,Asfalto,,Apto,Seca,,Barrera de Hormigón,,,,S/D,S/D,S/D,Día,NO,Sin Restricción,Despejado,Buena,,Sin Semáforo
169870,MUNICIPALIDAD DE CORRIENTES,2022-01-31,9:25:00,CORRIENTES,18,CAPITAL,21,CORRIENTES,Urbana,Calle,BRASIL,700,CARLOS PELLEGRINI,,-2.746.651,-5.882.376,1,1,0,2,0,Colisión entre vehículos,Colisión entre vehículos,S/D,,,2,Recta,Intersección / cruce,,SI,,Asfalto,,Apto,Seca,,,,,,Si,Si,S/D,Día,NO,Sin Restricción,Despejado,Buena,,Sin Semáforo