id_feu,unidad_regional,siniestro_fecha,siniestro_hora,provincia,id_provincia,departamento,id_departamento,localidad,zona_ocurrencia,via_publica,nombre_via,altura_km,entre_calle_1,entre_calle_2,latitud,longitud,ilesos,heridos,fallecidos,vehiculos,peatones,tipo_siniestro_multiple,tipo_siniestro_unico,despiste_previo,tipo_siniestro_otro,tipo_colision,cantidad_de_involucrados,trazado_via,configuracion_de_la_via,configuracion_de_la_via_otro_tipo,pendiente_declive,cono_de_vision,material_de_la_calzada,material_de_la_calzada_otro,estado_de_la_calzada,estado_fisico_ambiental,estado_de_conservacion_otro,division_fisica_de_la_via,division_fisica_de_la_via_otro,barreras_de_seguridad,banquinas,senalizacion_carteleria,senalizacion_horizontal,senalizacion_transitoria,luminosidad,luz_artificial,transito_restringido,estado_ambiental,visibilidad,visibilidad_otro,semaforo
139238,MUNICIPALIDAD DE CORRIENTES,2022-01-31,13:10:00,CORRIENTES,18,CAPITAL,21,CORRIENTES,Urbana,Ruta Nacional,12,1031,,,,,1,1,0,2,0,Colisión entre vehículos,Colisión entre vehículos,S/D,,,2,Recta,Intersección / cruce,,NO,,Asfalto,,Apto,Seca,,Ninguna,,,,No,Si,Si,Día,NO,Otro,Despejado,Buena,,
153894,OBSERVATORIO VIAL,2022-01-31,18:14:00,CORRIENTES,18,CAPITAL,21,CORRIENTES,Urbana,,MENDOZA,1387,,,,,2,0,0,2,0,Colisión entre vehículos,Colisión entre vehículos,S/D,,Alcance,2,Recta,Intersección / cruce,,NO,,Asfalto,,Apto,Seca,,Ninguna,,,,S/D,S/D,S/D,Día,NO,Sin Restricción,Despejado,Buena,,
134814,OBSERVATORIO VIAL,2022-01-30,12:30:00,CORRIENTES,18,CAPITAL,21,CORRIENTES,Urbana,Avenida,AV. INDEPENDENCIA,3700,TACUARI,,,,1,1,0,2,0,Colisión entre vehículos,Colisión entre vehículos,S/D,,Lateral,2,Recta,Intersección / cruce,,NO,,Asfalto,,Apto,Seca,,Cordón Divisorio,,,,Si,Si,No,Día,NO,Sin Restricción,Despejado,Buena,,Funciona
137593,MUNICIPALIDAD DE CORRIENTES,2022-01-30,19:19:00,CORRIENTES,18,CAPITAL,21,CORRIENTES,Urbana,Avenida,AV. JUAN DE VERA,,SALTA,,,,1,1,0,2,0,Colisión entre vehículos,Colisión entre vehículos,S/D,,Angulo,2,Recta,Intersección / cruce,,NO,,Asfalto,,Apto,Seca,,Ninguna,,,,,,,Día,NO,Sin Restricción,Despejado,Buena,,
139258,OBSERVATORIO VIAL,2022-01-29,9:40:00,CORRIENTES,18,CAPITAL,21,CORRIENTES,Urbana,Avenida,AV PEDRO FERRE,2600,,,,,0,1,0,1,0,Caída desde vehículo,Caída desde vehículo,S/D,,,1,Recta,Intersección / cruce,,NO,,Asfalto,,Apto,Seca,,,,,,Si,Si,S/D,Día,NO,Sin Restricción,Despejado,Buena,,Funciona
147089,OBSERVATORIO VIAL,2022-01-27,15:25:00,CORRIENTES,18,CAPITAL,21,,,Avenida,MORSE,,RAUL ALFONSIN,,,,3,0,0,3,0,"Colisión entre vehículos, Vuelco (solo 1 participante)",Colisión entre vehículos,S/D,,Alcance,3,Recta,Intersección / cruce,,NO,,Hormigón,,Apto,Seca,,Cordón Divisorio,,,,Si,Si,S/D,Día,NO,Sin Restricción,Despejado,Buena,,Funciona
167696,MUNICIPALIDAD DE CORRIENTES,2022-01-26,12:30:00,CORRIENTES,18,CAPITAL,21,CORRIENTES,Urbana,Avenida,AVENIDA RAÚL AALFONSIN,4280,,,-2.747.486,-5.879.862,2,0,0,2,0,Colisión entre vehículos,Colisión entre vehículos,S/D,,,2,Recta,Intersección / cruce,,NO,,Hormigón,,Apto,Seca,,Cordón Divisorio,,,,Si,Si,No,Día,NO,Sin Restricción,Despejado,Buena,,Sin Semáforo
171741,OBSERVATORIO VIAL,2022-01-26,12:15:00,CORRIENTES,18,CAPITAL,21,CORRIENTES,Urbana,Calle,AGUSTÍN ONTIVEROS,1000,ÁNGEL HEREDIA,,-2.747.183,-5.879.149,1,1,0,2,0,Choque,Choque,S/D,,,2,Recta,Intersección / cruce,,NO,,Asfalto,,Apto,"Despejada, Seca",,,,,,S/D,S/D,S/D,Día,NO,Sin Restricción,Despejado,Buena,,Sin Semáforo
139935,OBSERVATORIO VIAL,2022-01-25,9:10:00,CORRIENTES,18,CAPITAL,21,CORRIENTES,Urbana,Calle,LAS PIEDRAS,2400,ZAPIOLA,,,,2,1,0,1,0,Despiste,Despiste,Si,,,1,Recta,Intersección / cruce,,NO,,Asfalto,,Apto,Seca,,Ninguna,,,,Si,Si,No,Día,NO,Sin Restricción,Despejado,Buena,,Sin Semáforo
165428,MUNICIPALIDAD DE CORRIENTES,2022-01-25,6:10:00,CORRIENTES,18,CAPITAL,21,CORRIENTES,Urbana,Avenida,AVENIDA 3 DE ABRIL,1700,ESPAÑA,,-2.747.635,-5.883.013,1,1,0,2,0,Colisión entre vehículos,Colisión entre vehículos,S/D,,Angulo,2,Recta,Intersección / cruce,,NO,,Asfalto,,Apto,Seca,,Cordón Divisorio,,,,Si,Si,No,Amanecer,SI,Sin Restricción,Despejado,Buena,,Funciona
165349,MUNICIPALIDAD DE CORRIENTES,2022-01-24,13:50:00,CORRIENTES,18,CAPITAL,21,CORRIENTES,Urbana,Calle,SUIZA,3100,RECONQUISTA,,-2.747.576,-5.881.275,1,2,0,2,0,,,S/D,,,2,Recta,Intersección / cruce,,NO,,Asfalto,,Apto,"Despejada, Seca",,Ninguna,,,,S/D,S/D,,Día,NO,Sin Restricción,Despejado,Buena,,Sin Semáforo
166829,MUNICIPALIDAD DE CORRIENTES,2022-01-24,10:50:00,CORRIENTES,18,CAPITAL,21,CORRIENTES,Urbana,Calle,SIMÓN BOLÍVAR,2300,PERÚ,,-2.747.240,-5.882.188,2,0,0,2,0,Colisión entre vehículos,Colisión entre vehículos,S/D,,Angulo,2,Recta,Intersección / cruce,,NO,,Asfalto,,Apto,Despejada,,Ninguna,,,,S/D,Si,S/D,Día,NO,Sin Restricción,Despejado,Buena,,Sin Semáforo
146708,OBSERVATORIO VIAL,2022-01-24,12:50:00,CORRIENTES,18,,,,,,RESOAGLI,,CARTAGENA,,,,2,0,0,2,0,Colisión entre vehículos,Colisión entre vehículos,S/D,,Angulo,2,Recta,Intersección / cruce,,NO,,Asfalto,,Apto,Seca,,Ninguna,,,,S/D,S/D,S/D,Día,NO,Sin Restricción,Despejado,Buena,,Sin Semáforo
134818,MUNICIPALIDAD DE CORRIENTES,2022-01-24,7:50:00,CORRIENTES,18,CAPITAL,21,CORRIENTES,Urbana,Avenida,CARTAGENA,,RECONQUISTA,,,,1,1,0,2,0,Colisión entre vehículos,Colisión entre vehículos,S/D,,,2,Recta,Intersección / cruce,,NO,,Asfalto,,Apto,Seca,,Ninguna,,,,,,,Día,NO,Sin Restricción,Despejado,Buena,,
138492,OBSERVATORIO VIAL,2022-01-24,13:36:00,CORRIENTES,18,CAPITAL,21,CORRIENTES,Urbana,Calle,25 DE mayo,1500,SAN LORENZO,,-2.746.477,-5.883.141,1,2,0,2,0,Colisión entre vehículos,Colisión entre vehículos,S/D,,,2,Recta,Intersección / cruce,,NO,,Asfalto,,Apto,Seca,,Ninguna,,,,Si,Si,No,Día,NO,Sin Restricción,Despejado,,,Sin Semáforo
135568,MUNICIPALIDAD DE CORRIENTES,2022-01-24,10:15:00,CORRIENTES,18,CAPITAL,21,CORRIENTES,Urbana,Avenida,AV ARMENIA,3900,22 DE mayo,,,,1,1,0,2,0,Colisión entre vehículos,Colisión entre vehículos,S/D,,,2,Recta,Intersección / cruce,,NO,,Asfalto,,Apto,Seca,,Ninguna,,,,,,,Día,NO,Sin Restricción,Despejado,Buena,,
137573,MUNICIPALIDAD DE CORRIENTES,2022-01-23,19:15:00,CORRIENTES,18,CAPITAL,21,CORRIENTES,Urbana,Ruta Nacional,12,1035,,,,,1,1,0,2,0,Colisión entre vehículos,Colisión entre vehículos,S/D,,,2,Recta,Intersección / cruce,,NO,,Asfalto,,Apto,Seca,,,,,,,,,Día,NO,Sin Restricción,Despejado,Buena,,
143762,OBSERVATORIO VIAL,2022-01-23,8:00:00,CORRIENTES,18,CAPITAL,21,CORRIENTES,Urbana,Calle,GENERAL PAZ,1300,VARGAS GOMEZ,,,,1,1,0,2,0,Colisión entre vehículos,Colisión entre vehículos,S/D,,,2,Recta,Intersección / cruce,,NO,,Asfalto,,Apto,Seca,,Ninguna,,,,S/D,S/D,S/D,Día,NO,Sin Restricción,Despejado,Buena,,Sin Semáforo
163589,MUNICIPALIDAD DE CORRIENTES,2022-01-23,12:00:00,CORRIENTES,18,CAPITAL,21,CORRIENTES,Urbana,Avenida,LAS HERAS,2555,AVDA. SANTA ROSA,,,,1,1,0,1,1,Colisión entre vehículos,Colisión entre vehículos,S/D,,,2,Recta,,RECTA,NO,,Asfalto,,Apto,"Despejada, Seca",,Cordón Divisorio,,,,No,No,,Día,NO,Sin Restricción,Nublado,Buena,,Sin Semáforo
165386,MUNICIPALIDAD DE CORRIENTES,2022-01-22,14:02:00,CORRIENTES,18,CAPITAL,21,CORRIENTES,Urbana,Avenida,AVENIDA SARMIENTO,2200,AVIADOR JOSÉ CORREA FERNÁNDEZ,,-2.748.325,-5.883.089,1,2,0,2,0,Colisión entre vehículos,Colisión entre vehículos,S/D,,Angulo,2,Recta,Intersección / cruce,,NO,,Asfalto,,Apto,Seca,,Ninguna,,,,Si,Si,No,Día,NO,Sin Restricción,,,,Funciona
139277,MUNICIPALIDAD DE CORRIENTES,2022-01-20,9:50:00,CORRIENTES,18,CAPITAL,21,CORRIENTES,Urbana,Calle,H. IRIGOYEN,900,PARAGUAY,,,,1,1,0,2,0,Colisión entre vehículos,Colisión entre vehículos,S/D,,,2,Recta,Intersección / cruce,,NO,,Asfalto,,Apto,Seca,,Ninguna,,,,S/D,S/D,Si,Día,NO,Sin Restricción,Despejado,Buena,,Sin Semáforo
140969,OBSERVATORIO VIAL,2022-01-20,6:50:00,CORRIENTES,18,CAPITAL,21,CORRIENTES,Urbana,Avenida,AV. ALTA GRACIA,,LOS TEHUELCHES,,,,1,0,0,1,0,"Colisión entre vehículos, Despiste",Colisión entre vehículos,Si,,,1,Recta,Intersección / cruce,,NO,,Hormigón,,Apto,Seca,,Ninguna,,,,S/D,S/D,S/D,Día,NO,Sin Restricción,Despejado,Buena,,Sin Semáforo
166827,MUNICIPALIDAD DE CORRIENTES,2022-01-19,10:30:00,CORRIENTES,18,CAPITAL,21,CORRIENTES,Urbana,Avenida,AVENIDA CHACABUCO,2220,MADARIAGA,,-2.748.549,-5.881.604,1,1,0,2,0,Colisión entre vehículos,Colisión entre vehículos,S/D,,,2,Recta,,,NO,,Asfalto,,Apto,,,,,,,,,,Día,NO,Sin Restricción,Despejado,Buena,,
169153,MUNICIPALIDAD DE CORRIENTES,2022-01-18,13:30:00,CORRIENTES,18,CAPITAL,21,CORRIENTES,Urbana,Calle,SANTA FE,1100,SAN MARTÍN,,-2.747.038,-5.883.074,1,2,0,2,0,Colisión entre vehículos,Colisión entre vehículos,S/D,,Angulo,2,Recta,Intersección / cruce,,NO,,Asfalto,,Apto,Seca,,,,,,Si,Si,No,Día,SI,Sin Restricción,Despejado,Buena,,Funciona
169155,MUNICIPALIDAD DE CORRIENTES,2022-01-17,17:25:00,CORRIENTES,18,CAPITAL,21,CORRIENTES,Urbana,Calle,GUASTAVINO,1700,LAVALLE,,-2.747.627,-5.884.315,2,0,0,2,0,Colisión entre vehículos,Colisión entre vehículos,S/D,,Angulo,2,Recta,Intersección / cruce,,NO,,Asfalto,,Apto,"Despejada, Seca",,Ninguna,,,,S/D,S/D,S/D,Día,NO,Sin Restricción,Despejado,Buena,,Sin Semáforo
139741,OBSERVATORIO VIAL,2022-01-17,12:20:00,CORRIENTES,18,CAPITAL,21,CORRIENTES,Urbana,Calle,ONTIVEROS,1200,AV. ALFONSIN,,-2.747.591,-5.879.265,0,1,0,1,0,Colisión entre vehículos,Colisión entre vehículos,S/D,,,1,Recta,Intersección / cruce,,NO,,Asfalto,,Apto,Seca,,Ninguna,,,,No,No,No,Día,NO,Sin Restricción,Despejado,Buena,,Sin Semáforo
139747,OBSERVATORIO VIAL,2022-01-17,7:40:00,CORRIENTES,18,CAPITAL,21,CORRIENTES,Urbana,Calle,CARTAGENA,3500,MEDRANO,,-2.749.661,-5.880.036,1,0,0,1,0,"Colisión entre vehículos, Despiste",Colisión entre vehículos,Si,,,1,Recta,Intersección / cruce,,NO,,Asfalto,,Apto,Seca,,Ninguna,,,,Si,Si,No,Día,NO,Sin Restricción,Despejado,Buena,,Sin Semáforo
165291,OBSERVATORIO VIAL,2022-01-16,9:20:00,CORRIENTES,18,CAPITAL,21,CORRIENTES,Urbana,Calle,SAN JUAN,900,,,-2.746.764,-5.883.674,2,0,0,2,0,Colisión entre vehículos,Colisión entre vehículos,S/D,,,2,Recta,Intersección / cruce,,NO,,Asfalto,,Apto,Seca,,Ninguna,,,,Si,Si,No,Día,NO,Sin Restricción,Despejado,Buena,,Sin Semáforo
165372,OBSERVATORIO VIAL,2022-01-15,17:27:00,CORRIENTES,18,CAPITAL,21,CORRIENTES,Urbana,Calle,SANCHEZ BUSTAMANTE,1100,PALERMO,,-2.747.568,-5.878.741,1,1,0,2,0,Colisión entre vehículos,Colisión entre vehículos,S/D,,Alcance,2,Recta,Intersección / cruce,,NO,,Asfalto,,Apto,Seca,,Ninguna,,,,S/D,S/D,S/D,Día,SI,Sin Restricción,Despejado,Buena,,Sin Semáforo
169871,MUNICIPALIDAD DE CORRIENTES,2022-01-15,11:30:00,CORRIENTES,18,CAPITAL,21,CORRIENTES,Urbana,Avenida,AVENIDA GOBERNADOR JUAN PUJOL,2220,,,-2.746.691,-5.882.250,2,0,0,2,0,Colisión entre vehículos,Colisión entre vehículos,S/D,,,2,Curva,Rotonda,,NO,,Asfalto,,Apto,Despejada,,,,,,Si,Si,No,Día,NO,Sin Restricción,Despejado,Buena,,Sin Semáforo
133385,MUNICIPALIDAD DE CORRIENTES,2022-01-13,20:00:00,CORRIENTES,18,CAPITAL,21,CORRIENTES,Urbana,Calle,SAN LUIS,600,JUNIN,,,,1,1,0,2,0,Colisión entre vehículos,Colisión entre vehículos,S/D,,,2,Recta,Intersección / cruce,,NO,,Asfalto,,Apto,Seca,,Ninguna,,,,No,No,No,Atardecer,NO,Sin Restricción,Despejado,Buena,,Sin Semáforo
155612,OBSERVATORIO VIAL,2022-01-13,7:45:00,CORRIENTES,18,CAPITAL,21,CORRIENTES,Urbana,Avenida,AV ARMENIA,3100,,,,,0,1,0,1,0,Caída desde vehículo,Caída desde vehículo,S/D,,,1,Recta,Intersección / cruce,,NO,,Asfalto,,Apto,"Despejada, Seca",,Ninguna,,,,Si,Si,S/D,Día,NO,Sin Restricción,Despejado,Buena,,Sin Semáforo
135573,MUNICIPALIDAD DE CORRIENTES,2022-01-12,11:05:00,CORRIENTES,18,CAPITAL,21,CORRIENTES,Urbana,Calle,GUEMES,1400,,,,,1,0,0,1,0,Caída desde vehículo,Caída desde vehículo,S/D,,,1,Recta,Intersección / cruce,,NO,,Asfalto,,Apto,Seca,,,,,,,,,Día,NO,Sin Restricción,Despejado,Buena,,
163586,MUNICIPALIDAD DE CORRIENTES,2022-01-11,6:10:00,CORRIENTES,18,CAPITAL,21,CORRIENTES,Urbana,Avenida,AVDA. INDEPENDENCIA,4799,SÁENZ,,-2.748.270,-5.879.365,1,2,0,2,0,Colisión entre vehículos,Colisión entre vehículos,S/D,,Angulo,2,Recta,Intersección / cruce,,NO,,Asfalto,,Apto,"Despejada, Seca",,Cordón Divisorio,,,,Si,Si,No,Amanecer,SI,,Despejado,Buena,,Funciona
143756,OBSERVATORIO VIAL,2022-01-11,17:30:00,CORRIENTES,18,CAPITAL,21,CORRIENTES,Urbana,Avenida,AV. INDEPENDENCIA,4800,SAENZ,,,,1,1,0,2,0,Colisión entre vehículos,Colisión entre vehículos,S/D,,,2,Recta,Intersección / cruce,,NO,,Hormigón,,Apto,Seca,,Cordón Divisorio,,,,Si,Si,Si,Día,NO,Sin Restricción,Despejado,Buena,,Funciona
156554,MUNICIPALIDAD DE CORRIENTES,2022-01-10,16:15:00,CORRIENTES,18,CAPITAL,21,CORRIENTES,Urbana,Calle,CHACO,,BELGRAN O,BOLIVAR,,,2,0,0,2,0,"Colisión entre vehículos, Vuelco (solo 1 participante)",Colisión entre vehículos,S/D,,,2,Recta,Intersección / cruce,,,,,,,,,,,,,,,,,,,,,,
163591,MUNICIPALIDAD DE CORRIENTES,2022-01-10,19:31:00,CORRIENTES,18,CAPITAL,21,CORRIENTES,Urbana,Avenida,AVDA. RAÚL ALFONSÍN,5100,SÁNCHEZ DE BUSTAMANTE,,-2.747.685,-5.878.792,1,1,0,2,0,Colisión entre vehículos,Colisión entre vehículos,S/D,,Angulo,2,Recta,Intersección / cruce,,NO,,Asfalto,,Apto,"Despejada, Seca",,Cordón Divisorio,,,,Si,Si,No,Atardecer,SI,Sin Restricción,Nublado,Buena,,Sin Semáforo
166824,MUNICIPALIDAD DE CORRIENTES,2022-01-10,22:10:00,CORRIENTES,18,CAPITAL,21,CORRIENTES,Urbana,Avenida,AVENIDA TENIENTE IBÁÑEZ,1500,GOBERNADOR VELZCO,,-2.748.556,-5.883.389,1,1,0,2,0,Colisión entre vehículos,Colisión entre vehículos,S/D,,Angulo,2,Recta,Intersección / cruce,,NO,,Hormigón,,Apto,Seca,,Cordón Divisorio,,,,No,No,No,Noche,SI,Sin Restricción,Despejado,Buena,,Sin Semáforo
142715,OBSERVATORIO VIAL,2022-01-09,20:15:00,CORRIENTES,18,CAPITAL,21,CORRIENTES,Urbana,Calle,TACUARI,1700,,,,,1,2,0,2,0,Colisión entre vehículos,Colisión entre vehículos,S/D,,Lateral,2,Recta,Intersección / cruce,,,,Asfalto,,Apto,Mojada,,Ninguna,,,,S/D,S/D,S/D,Noche,SI,Sin Restricción,Nublado,Buena,,Sin Semáforo
169892,MUNICIPALIDAD DE CORRIENTES,2022-01-09,13:30:00,CORRIENTES,18,CAPITAL,21,CORRIENTES,Urbana,Avenida,AVENIDA INDEPENDENCIA,4400,MEDRANO,,-2.748.155,-5.879.838,0,1,1,1,1,Atropello a peatón/es,Atropello a peatón/es,S/D,,,2,Recta,Intersección / cruce,,NO,,Asfalto,,Apto,Seca,,Cordón Divisorio,,,,Si,Si,No,Día,NO,Sin Restricción,Despejado,Buena,,Funciona
156533,OBSERVATORIO VIAL,2022-01-09,21:37:00,CORRIENTES,18,,,,Urbana,,CARTAGENA,,RECONQUISTA,,,,1,1,0,2,0,Colisión entre vehículos,Colisión entre vehículos,S/D,,Angulo,2,Recta,,,,,Asfalto,,Apto,Seca,,,,,,S/D,S/D,S/D,Noche,SI,,Nublado,Buena,,
169865,OBSERVATORIO VIAL,2022-01-09,16:40:00,CORRIENTES,18,CAPITAL,21,CORRIENTES,Urbana,Avenida,INDEPENDENCIA,4100,LAS PIEDRAS,,-2.748.101,-5.880.054,1,1,0,2,0,Colisión entre vehículos,Colisión entre vehículos,S/D,,Lateral,2,Recta,Intersección / cruce,,NO,,Asfalto,,Apto,"Despejada, Seca",,Cordón Divisorio,,,,S/D,S/D,S/D,Día,NO,Sin Restricción,Despejado,Buena,,Funciona
136354,OBSRVATORIO VIAL,2022-01-08,9:00:00,CORRIENTES,18,CAPITAL,21,CORRIENTES,Urbana,Avenida,AV TENIENTE IBAÑES,800,,,-2.748.475,-5.884.301,0,1,0,1,0,"Caída desde vehículo, Colisión entre vehículos",Colisión entre vehículos,S/D,,,1,Recta,Intersección / cruce,,NO,,Asfalto,,,,,Cordón Divisorio,,,,Si,Si,No,Día,NO,Sin Restricción,,,,Sin Semáforo
152053,OBSERVATORIO VIAL,2022-01-08,4:20:00,CORRIENTES,18,CAPITAL,21,CORRIENTES,Urbana,Ruta Provincial,RUTA PROVINCIAL 5,,,,,,1,0,0,1,0,Despiste,Despiste,Si,,,1,Recta,Intersección / cruce,,NO,,Asfalto,,Apto,Despejada,,Ninguna,,,,No,Si,No,Noche,SI,Sin Restricción,Despejado,Buena,,Sin Semáforo
139231,MUNICIPALIDAD DE CORRIENTES,2022-01-07,9:50:00,CORRIENTES,18,CAPITAL,21,CORRIENTES,Urbana,Calle,GDOR CONTTE,1800,GRAL PAZ,,,,2,0,0,2,0,Colisión entre vehículos,Colisión entre vehículos,S/D,,Angulo,2,Recta,Intersección / cruce,,NO,,Asfalto,,Apto,Seca,,Ninguna,,,,Si,No,No,Día,NO,Sin Restricción,Despejado,Buena,,Sin Semáforo
139253,OBSERVATORIO VIAL,2022-01-07,12:30:00,CORRIENTES,18,CAPITAL,21,CORRIENTES,Urbana,Avenida,AV PATAGONIA,1700,AV SARMIENTO,,,,1,1,0,2,0,Colisión entre vehículos,Colisión entre vehículos,S/D,,Lateral,2,Recta,Intersección / cruce,,NO,,Asfalto,,Apto,Seca,,Ninguna,,,,S/D,S/D,S/D,Día,NO,Sin Restricción,Despejado,Buena,,Funciona
151212,OBSERVATORIO VIAL,2022-01-07,16:02:00,CORRIENTES,18,CAPITAL,21,CORRIENTES,Urbana,Avenida,AV MAIPU,4500,TILCARA,,,,2,0,0,2,0,Colisión entre vehículos,Colisión entre vehículos,S/D,,Lateral,2,Recta,Intersección / cruce,,NO,,Asfalto,,Apto,"Despejada, Seca",,Cordón Divisorio,,,,Si,Si,No,Día,NO,Sin Restricción,Despejado,Buena,,Funciona
167701,MUNICIPALIDAD DE CORRIENTES,2022-01-06,3:45:00,CORRIENTES,18,CAPITAL,21,CORRIENTES,Urbana,Calle,CARTAGENA,3100,RECONQUISTA,,-2.749.238,-5.881.576,2,0,0,2,0,Colisión entre vehículos,Colisión entre vehículos,S/D,,Angulo,2,Recta,Intersección / cruce,,NO,,Hormigón,,Apto,"Despejada, Seca",,,,,,No,No,No,Noche,SI,Sin Restricción,Despejado,Buena,,Sin Semáforo
151167,OBSERVATORIO VIAL,2022-01-05,19:10:00,CORRIENTES,18,CAPITAL,21,CORRIENTES,Urbana,Ruta Nacional,12,1025/200,,,,,1,0,0,1,0,Vuelco (solo 1 participante),Vuelco (solo 1 participante),S/D,,,1,Recta,Intersección / cruce,,NO,,Asfalto,,Apto,"Despejada, Seca",,Barrera de Hormigón,,,,Si,Si,S/D,Noche,SI,Obra en Construcción,Despejado,,OBRAS,Sin Semáforo
164586,OBSERVATORIO VIAL,2022-01-05,14:00:00,CORRIENTES,18,CAPITAL,21,CORRIENTES,Urbana,Calle,EX VIA,3120,,,,,2,1,0,1,1,Atropello a peatón/es,Atropello a peatón/es,S/D,,,2,Recta,Intersección / cruce,,NO,,Asfalto,,Apto,"Despejada, Seca",,Ninguna,,,,S/D,S/D,S/D,Día,NO,Sin Restricción,Despejado,Buena,,Sin Semáforo
174253,OBSERVATORIO VIAL,2022-01-05,10:20:00,CORRIENTES,18,CAPITAL,21,CORRIENTES,Urbana,Calle,AV. VERA,1158,,,,,1,1,0,2,0,Colisión entre vehículos,Colisión entre vehículos,,,,2,,Recta,,,,Asfalto,,Apto,Seca,,S/D,,S/D,,S/D,,,Día,,,Despejado,,,S/D
137052,MUNICIPALIDAD DE CORRIENTES,2022-01-04,10:24:00,CORRIENTES,18,CAPITAL,21,CORRIENTES,Urbana,Calle,ROCA,1457,,,,,2,0,0,2,0,Colisión entre vehículos,Colisión entre vehículos,S/D,,,2,Recta,Intersección / cruce,,NO,,Asfalto,,Apto,Seca,,,,,,,,,Día,NO,Sin Restricción,Despejado,Buena,,
139240,MUNICIPALIDAD DE CORRIENTES,2022-01-04,13:30:00,CORRIENTES,18,,,,Urbana,Avenida,AV. RAUL ALFONSIN,5100,,,,,1,1,0,2,0,Colisión entre vehículos,Colisión entre vehículos,S/D,,,2,Recta,Intersección / cruce,,NO,,Asfalto,,Apto,Seca,,,,,,Si,Si,No,Día,NO,Sin Restricción,Despejado,Buena,,Sin Semáforo
152971,OBSERVATORIO VIAL,2022-01-03,14:43:00,CORRIENTES,18,,,,Urbana,Calle,JUJUY,,BELGRANO,,,,1,1,0,2,0,Colisión entre vehículos,Colisión entre vehículos,S/D,,Angulo,2,Recta,Intersección / cruce,,NO,,Asfalto,,Apto,Seca,,Ninguna,,,,S/D,S/D,S/D,Día,NO,Sin Restricción,Despejado,Buena,,Sin Semáforo
151192,OBSERVATORIO VIAL,2022-01-03,7:20:00,CORRIENTES,18,,,,Urbana,,MORENO,,JUJUY,,,,1,1,0,2,0,Colisión entre vehículos,Colisión entre vehículos,S/D,,Angulo,2,Recta,Intersección / cruce,,NO,,Asfalto,,Apto,Seca,,Ninguna,,,,S/D,S/D,S/D,Día,NO,Sin Restricción,Despejado,Buena,,Sin Semáforo
169159,MUNICIPALIDAD DE CORRIENTES,2022-01-02,6:30:00,CORRIENTES,18,CAPITAL,21,CORRIENTES,Urbana,Calle,OLMEDO,5355,ALEJANDRO DUMAS,,-2.751.514,-5.879.000,1,0,0,1,0,Choque,Choque,S/D,,Arbol,1,Recta,,,NO,,Tierra,,Apto,"Despejada, Seca",,Ninguna,,,,No,No,No,,NO,Sin Restricción,Despejado,Buena,,Sin Semáforo
140000,OBSERVATORIO VIAL,2022-01-01,17:50:00,CORRIENTES,18,CAPITAL,21,CORRIENTES,Urbana,Calle,CRISTO OBRERO,600,RAFAEL OBLIGADO,,,,0,4,0,2,0,Colisión entre vehículos,Colisión entre vehículos,S/D,,Lateral,2,Recta,Intersección / cruce,,NO,,Asfalto,,Apto,Seca,,Ninguna,,,,S/D,S/D,S/D,Día,NO,Sin Restricción,Despejado,Buena,,Sin Semáforo
142702,OBSERVATORIO VIAL,2022-01-01,8:23:00,CORRIENTES,18,CAPITAL,21,CORRIENTES,Urbana,Calle,SAN MARTIN,1300,CORDOBA,,,,2,0,0,2,0,Colisión entre vehículos,Colisión entre vehículos,S/D,,Lateral,2,Recta,Intersección / cruce,,NO,,Asfalto,,Apto,"Despejada, Seca",,Ninguna,,,,No,No,No,Día,NO,Sin Restricción,Despejado,Buena,,Sin Semáforo
157728,OBSERVATORIO VIAL,2022-01-01,7:00:00,CORRIENTES,18,CAPITAL,21,CORRIENTES,Urbana,Avenida,AV PUJOL,1600,ESPAÑA,,-2.746.206,-5.882.851,0,2,0,2,0,Colisión entre vehículos,Colisión entre vehículos,S/D,,Lateral,2,Recta,Intersección / cruce,,NO,,Asfalto,,Apto,"Despejada, Seca",,Cordón Divisorio,,,,S/D,S/D,S/D,Amanecer,NO,,Despejado,Buena,,Sin Semáforo